Date,Open,High,Low,Close,Volume,Change
2020-01-02,9360,9360,9290,9360,311,0.0
2020-01-03,9290,9360,9290,9340,10,-0.002136752136752129
2020-01-06,9300,9320,9200,9300,115,-0.004282655246252709
2020-01-07,9290,9290,9050,9050,202,-0.026881720430107503
2020-01-08,9170,9290,9060,9060,205,0.0011049723756906271
2020-01-09,9060,9250,9050,9050,2413,-0.001103752759381904
2020-01-10,9100,9100,9020,9090,241,0.0044198895027625085
2020-01-13,9300,9300,8950,9040,213,-0.005500550055005493
2020-01-14,9080,9080,9040,9050,116,0.0011061946902655162
2020-01-15,9050,9060,9010,9060,136,0.0011049723756906271
2020-01-16,9080,9330,9020,9330,43,0.0298013245033113
2020-01-17,9290,9290,9090,9090,2218,-0.025723472668810254
2020-01-20,9150,9160,9150,9160,63,0.007700770077007757
2020-01-21,9290,9290,9290,9290,5,0.01419213973799116
2020-01-22,9280,9290,9090,9290,37,0.0
2020-01-23,9280,9280,9260,9260,2,-0.0032292787944026013
2020-01-28,9250,9250,9150,9210,110,-0.005399568034557212
2020-01-29,9310,9310,9250,9280,11,0.007600434310532034
2020-01-30,9270,9270,9150,9260,64,-0.0021551724137931494
2020-01-31,9280,9280,9280,9280,1,0.002159827213822796
2020-02-03,9280,9300,9000,9300,229,0.0021551724137931494
2020-02-04,9230,9270,9230,9270,2,-0.003225806451612856
2020-02-05,9270,9300,9260,9300,242,0.003236245954692629
2020-02-06,9310,9310,9310,9310,54,0.0010752688172042113
2020-02-07,9330,9600,9310,9600,966,0.031149301825993625
2020-02-10,9700,9700,9200,9600,1310,0.0
2020-02-11,9500,9500,9300,9360,1397,-0.025000000000000022
2020-02-12,9600,9600,9250,9250,1097,-0.01175213675213671
2020-02-13,9320,9320,9230,9290,316,0.00432432432432428
2020-02-14,9130,9310,9130,9250,15,-0.0043057050592034685
2020-02-17,9300,9340,9200,9320,136,0.00756756756756749
2020-02-18,9290,9290,9100,9270,52,-0.005364806866952843
2020-02-19,9210,9270,9210,9270,91,0.0
2020-02-20,9400,9400,9270,9340,119,0.007551240560949246
2020-02-21,9340,9340,9210,9250,211,-0.009635974304068484
2020-02-24,9170,9230,8950,9230,460,-0.00216216216216214
2020-02-25,8960,9280,8960,9070,234,-0.017334777898158182
2020-02-26,9290,9290,9000,9060,299,-0.0011025358324145973
2020-02-27,9290,9290,9000,9070,4067,0.001103752759381793
2020-02-28,11750,11750,11750,11750,49017,0.2954796030871003
2020-03-02,14850,14850,10100,10400,123634,-0.11489361702127665
2020-03-03,10000,10900,9730,10900,54008,0.04807692307692313
2020-03-04,11900,14150,11500,13450,124781,0.2339449541284404
2020-03-05,12500,12700,11400,11600,76051,-0.137546468401487
2020-03-06,11300,15050,10550,14600,121352,0.2586206896551724
2020-03-09,13400,17800,13150,13450,113519,-0.07876712328767121
2020-03-10,12200,13200,11000,11750,86401,-0.12639405204460963
2020-03-11,12100,12600,11100,11100,61264,-0.05531914893617018
2020-03-12,10800,11350,10000,10450,38932,-0.058558558558558516
2020-03-13,9500,9520,8350,8960,28081,-0.14258373205741626
2020-03-16,9300,9300,8470,8480,29813,-0.0535714285714286
2020-03-17,7390,8170,7390,8040,13021,-0.05188679245283023
2020-03-18,8270,8760,7400,7700,17073,-0.04228855721393032
2020-03-19,7820,7820,6060,6180,12431,-0.19740259740259736
2020-03-20,6180,6780,6060,6680,11502,0.08090614886731395
2020-03-23,6130,6640,6120,6220,4364,-0.06886227544910184
2020-03-24,6240,7530,6240,6930,21811,0.11414790996784574
2020-03-25,7250,7420,7010,7250,15812,0.04617604617604609
2020-03-26,7240,7490,7210,7230,13440,-0.0027586206896551557
2020-03-27,7550,7890,7120,7400,15850,0.023513139695712226
2020-03-30,7300,7600,7120,7460,6484,0.008108108108108025
2020-03-31,7400,7890,7400,7680,6930,0.029490616621983934
2020-04-01,7740,8300,7740,8090,21668,0.05338541666666674
2020-04-02,8400,8400,7700,8090,12450,0.0
2020-04-03,8300,8920,7800,8920,16079,0.10259579728059331
2020-04-06,9090,9280,8740,8980,14789,0.006726457399103047
2020-04-07,8980,8980,8750,8820,3708,-0.017817371937639215
2020-04-08,9000,9000,8710,8770,4916,-0.005668934240362855
2020-04-09,8780,8840,8650,8770,2521,0.0
2020-04-10,8800,8800,8400,8410,6887,-0.04104903078677313
2020-04-13,8500,8500,8370,8370,2073,-0.0047562425683710385
2020-04-14,8100,8450,8100,8350,3921,-0.002389486260453988
2020-04-16,8260,8320,8200,8300,1950,-0.005988023952095856
2020-04-17,8320,8580,8310,8460,221,0.01927710843373487
2020-04-20,8470,8700,8470,8500,1599,0.004728132387706863
2020-04-21,8690,8690,8400,8500,2641,0.0
2020-04-22,8490,8630,8350,8630,914,0.015294117647058902
2020-04-23,8780,8780,8500,8560,623,-0.008111239860950192
2020-04-24,8630,8630,8440,8510,1156,-0.005841121495327117
2020-04-27,8690,8690,8510,8560,1538,0.005875440658049458
2020-04-28,8460,8600,8460,8600,2549,0.004672897196261738
2020-04-29,8630,8820,8630,8810,2814,0.024418604651162745
2020-05-04,8810,8810,8720,8810,617,0.0
2020-05-06,9380,9380,8890,8920,1056,0.012485811577752637
2020-05-07,9420,9420,9100,9170,1515,0.028026905829596327
2020-05-08,9100,9170,9030,9170,1705,0.0
2020-05-11,8950,9180,8950,9180,348,0.0010905125408942062
2020-05-12,9190,9200,8990,9200,831,0.002178649237472685
2020-05-13,9340,9340,8420,9000,3993,-0.021739130434782594
2020-05-14,9000,9340,9000,9220,161,0.02444444444444449
2020-05-15,9280,10850,9230,10200,27812,0.10629067245119317
2020-05-18,9510,11850,9510,11000,15945,0.07843137254901955
2020-05-19,10500,10500,9750,10150,7716,-0.07727272727272727
2020-05-20,10150,10300,9710,10200,4326,0.0049261083743843415
2020-05-21,10000,10300,10000,10200,2682,0.0
2020-05-22,10250,10550,10000,10000,6864,-0.019607843137254943
2020-05-25,10000,10100,9890,9980,704,-0.0020000000000000018
2020-05-26,9950,9950,9550,9850,1017,-0.013026052104208374
2020-05-27,9800,9860,9600,9780,1362,-0.007106598984771617
2020-05-28,9700,9740,9400,9400,899,-0.03885480572597133
2020-05-29,9430,9670,9300,9670,2182,0.02872340425531905
2020-06-01,9890,9890,9670,9850,606,0.018614270941054833
2020-06-02,10200,10200,9850,9950,139,0.010152284263959421
2020-06-03,10200,10200,9750,9960,252,0.0010050251256281673
2020-06-04,10400,10400,9950,9950,327,-0.0010040160642570406
2020-06-05,10200,10200,9880,10100,65,0.015075376884422065
2020-06-08,10000,10450,10000,10350,964,0.024752475247524774
2020-06-09,10950,13450,10950,12000,32156,0.1594202898550725
2020-06-10,11600,12350,11500,11750,10671,-0.02083333333333337
2020-06-11,12850,15250,12850,15250,22290,0.2978723404255319
2020-06-12,14650,19800,14650,18300,85514,0.19999999999999996
2020-06-15,17250,17250,12850,12850,37095,-0.2978142076502732
2020-06-16,13400,14900,12650,14200,16427,0.10505836575875493
2020-06-17,14000,14700,13800,14200,11311,0.0
2020-06-18,14600,17000,14000,15650,24533,0.102112676056338
2020-06-19,15850,15850,12900,13300,11128,-0.15015974440894564
2020-06-22,13000,13000,12300,12300,3398,-0.07518796992481203
2020-06-23,12150,12150,11400,11400,5921,-0.07317073170731703
2020-06-24,11550,12050,11400,11800,4621,0.03508771929824572
2020-06-25,11750,11750,11350,11500,2294,-0.025423728813559365
2020-06-26,11500,11600,11150,11400,815,-0.008695652173912993
2020-06-29,11400,11700,11300,11700,1358,0.026315789473684292
2020-06-30,11850,11950,11350,11400,2221,-0.02564102564102566
2020-07-01,11500,11800,11400,11600,3417,0.01754385964912286
2020-07-02,11750,11750,11400,11400,1263,-0.017241379310344862
2020-07-03,11500,11500,11250,11300,350,-0.00877192982456143
2020-07-06,11400,11400,11150,11300,789,0.0
2020-07-07,11300,11300,11200,11300,193,0.0
2020-07-08,11150,11550,11100,11450,3495,0.01327433628318575
2020-07-09,11550,11900,11400,11850,5422,0.03493449781659397
2020-07-10,11900,11900,11100,11200,4380,-0.05485232067510548
2020-07-13,11200,11200,11000,11100,1932,-0.008928571428571397
2020-07-14,11050,11150,11000,11150,743,0.0045045045045044585
2020-07-15,11200,11400,11050,11150,3275,0.0
2020-07-16,11200,11200,10950,11100,1726,-0.004484304932735439
2020-07-17,11100,11200,11050,11150,84,0.0045045045045044585
2020-07-20,11150,11150,10950,11050,346,-0.008968609865470878
2020-07-21,10950,11800,10950,11750,1439,0.06334841628959276
2020-07-22,11750,11750,11400,11750,1591,0.0
2020-07-23,11500,11750,11500,11750,1874,0.0
2020-07-24,12000,15250,11750,15250,24110,0.2978723404255319
2020-07-27,17500,17500,13100,13600,44372,-0.1081967213114754
2020-07-28,14500,17650,13600,17650,45911,0.2977941176470589
2020-07-29,16600,21450,15600,17500,78485,-0.008498583569405138
2020-07-30,16850,17450,16050,16500,20178,-0.05714285714285716
2020-07-31,16000,16000,15050,15050,12851,-0.08787878787878789
2020-08-03,15000,15050,14400,14400,5852,-0.04318936877076407
2020-08-04,14950,15400,14550,14600,6616,0.01388888888888884
2020-08-05,14650,16700,14600,14900,13258,0.020547945205479534
2020-08-06,15350,15350,14600,14750,7088,-0.010067114093959773
2020-08-07,14800,15000,14500,14500,3133,-0.016949152542372836
2020-08-10,14450,14850,14350,14600,2837,0.006896551724137945
2020-08-11,14650,14900,14450,14650,2899,0.003424657534246478
2020-08-12,14650,16750,14450,16250,17130,0.10921501706484649
2020-08-13,15400,16200,14800,14950,13576,-0.07999999999999996
2020-08-14,14950,14950,14450,14550,4971,-0.026755852842809347
2020-08-18,15050,15050,13200,13200,3379,-0.09278350515463918
2020-08-19,13350,13750,13350,13600,1030,0.030303030303030276
2020-08-20,14150,14150,13150,13500,1348,-0.007352941176470562
2020-08-21,13200,13850,13200,13500,1121,0.0
2020-08-24,13800,13800,13250,13500,1130,0.0
2020-08-25,13250,13750,13250,13700,1582,0.014814814814814836
2020-08-26,13700,14150,13700,14000,1414,0.021897810218978186
2020-08-27,14250,14250,13650,13950,389,-0.0035714285714285587
2020-08-28,14200,14200,13650,13800,3753,-0.010752688172043001
2020-08-31,13700,13950,13650,13800,1399,0.0
2020-09-01,13750,13750,13350,13650,1125,-0.010869565217391353
2020-09-02,13650,13750,13500,13650,825,0.0
2020-09-03,13700,13700,13550,13700,1471,0.00366300366300365
2020-09-04,13400,13900,13400,13800,1633,0.007299270072992803
2020-09-07,13600,14500,13600,13850,7333,0.0036231884057971175
2020-09-08,13850,15350,13850,14700,14277,0.06137184115523464
2020-09-09,14600,14950,14000,14600,3961,-0.006802721088435382
2020-09-10,14600,14600,14150,14550,5906,-0.003424657534246589
2020-09-11,14550,16500,14550,14850,19425,0.020618556701030855
2020-09-14,14550,19300,14500,19300,49148,0.29966329966329974
2020-09-15,19300,19700,16000,16050,62534,-0.16839378238341973
2020-09-16,16500,16500,15000,16100,27394,0.0031152647975076775
2020-09-17,15500,15900,15300,15500,13947,-0.037267080745341574
2020-09-18,16050,17250,14850,14850,29543,-0.041935483870967794
2020-09-21,14850,18650,14650,16450,107525,0.1077441077441077
2020-09-22,15450,15450,14100,14350,32581,-0.12765957446808507
2020-09-23,14750,14850,13600,14050,10788,-0.020905923344947785
2020-09-24,13600,13700,13400,13700,6341,-0.02491103202846978
2020-09-25,13500,14000,13500,13500,5231,-0.014598540145985384
2020-09-28,13550,13800,13500,13650,2317,0.011111111111111072
2020-09-29,13550,13700,13350,13350,2259,-0.02197802197802201
2020-10-05,13200,13350,13200,13250,1992,-0.0074906367041198685
2020-10-06,13250,13250,13050,13150,948,-0.007547169811320753
2020-10-07,13000,13400,13000,13400,573,0.019011406844106515
2020-10-08,13400,13450,13300,13450,1881,0.003731343283582156
2020-10-12,13500,13500,13250,13300,4467,-0.01115241635687736
2020-10-13,13400,13500,13300,13500,2618,0.015037593984962516
2020-10-14,13650,13650,13500,13500,958,0.0
2020-10-15,13750,14450,13750,14450,11258,0.07037037037037042
2020-10-16,15550,15550,13500,13750,11843,-0.04844290657439443
2020-10-19,13750,13750,13450,13650,3138,-0.0072727272727273196
2020-10-20,13750,13750,13300,13450,2703,-0.0146520146520146
2020-10-21,13450,13900,13450,13800,736,0.026022304832713727
2020-10-22,13850,14700,13850,14050,5153,0.018115942028985588
2020-10-23,14600,14600,13900,13900,2185,-0.010676156583629859
2020-10-26,13550,13750,13550,13650,5022,-0.017985611510791366
2020-10-27,13650,13950,13650,13700,20525,0.00366300366300365
2020-10-28,13700,13750,13550,13750,972,0.0036496350364962904
2020-10-29,13300,13700,13300,13550,14849,-0.014545454545454528
2020-10-30,13900,13900,13500,13500,605,-0.0036900369003689537
2020-11-02,13500,13500,13350,13500,586,0.0
2020-11-03,13450,13800,13450,13800,558,0.022222222222222143
2020-11-04,13850,13850,13600,13650,372,-0.010869565217391353
2020-11-05,13650,13800,13550,13650,352,0.0
2020-11-06,14000,14000,13550,13650,877,0.0
2020-11-09,14150,14150,13550,13650,912,0.0
2020-11-10,13550,13700,13550,13700,733,0.00366300366300365
2020-11-11,14050,14050,13600,13800,715,0.007299270072992803
2020-11-12,13750,13950,13700,13950,2147,0.010869565217391353
2020-11-13,14100,14100,13750,13950,963,0.0
2020-11-16,13800,13800,13600,13750,2587,-0.014336917562724039
2020-11-17,13650,13850,13650,13800,131,0.0036363636363636598
2020-11-18,13600,13750,13600,13750,583,-0.0036231884057971175
2020-11-19,13650,13650,13300,13500,439,-0.018181818181818188
2020-11-20,13300,13450,13150,13450,913,-0.0037037037037036535
2020-11-23,13450,13450,13100,13200,3331,-0.018587360594795488
2020-11-24,13200,13600,13150,13600,637,0.030303030303030276
2020-11-25,13650,13800,13300,13450,307,-0.011029411764705843
2020-11-26,13450,13600,13250,13450,113,0.0
2020-11-27,13450,13450,13350,13350,473,-0.0074349442379182396
2020-11-30,13350,13400,13350,13400,222,0.0037453183520599342
2020-12-01,13500,13500,13300,13300,129,-0.007462686567164201
2020-12-02,13450,13450,13250,13350,576,0.003759398496240518
2020-12-03,13750,13750,13300,13400,282,0.0037453183520599342
2020-12-04,13400,13500,13250,13500,296,0.00746268656716409
2020-12-07,13250,13400,13250,13350,184,-0.011111111111111072
2020-12-08,13400,13450,13200,13200,165,-0.011235955056179803
2020-12-09,13200,13200,13100,13100,558,-0.007575757575757569
2020-12-10,13100,13100,12850,13050,1119,-0.003816793893129722
2020-12-11,12950,13100,12950,13100,830,0.003831417624521105
2020-12-14,13350,13350,12850,12900,27979,-0.01526717557251911
2020-12-15,12950,12950,12050,12050,16974,-0.06589147286821706
2020-12-16,12150,12150,11800,12100,1711,0.004149377593360981
2020-12-17,12250,12250,12100,12200,199,0.008264462809917328
2020-12-18,12200,12450,12200,12450,615,0.020491803278688492
2020-12-21,12050,12400,12050,12400,845,-0.004016064257028162
2020-12-22,12400,12400,12400,12400,21,0.0
2020-12-23,12050,12150,12050,12100,11425,-0.024193548387096753
2020-12-24,12100,12200,12050,12200,780,0.008264462809917328
2020-12-28,12000,12000,11700,11750,725,-0.03688524590163933
2020-12-29,11800,11950,11800,11900,558,0.012765957446808418
2020-12-30,11850,12150,11850,12100,617,0.01680672268907557
2021-01-04,12350,12350,12000,12100,130,0.0
2021-01-05,12300,12300,12000,12100,393,0.0
2021-01-06,12100,12100,12000,12000,884,-0.008264462809917328
2021-01-07,12000,12150,11950,12150,701,0.012499999999999956
2021-01-08,12150,12450,12150,12350,898,0.016460905349794164
2021-01-11,12150,12150,12050,12050,388,-0.02429149797570851
2021-01-12,12000,12300,12000,12300,6,0.020746887966804906
2021-01-13,12050,12800,11850,12800,2219,0.04065040650406515
2021-01-14,12250,12250,12000,12000,1871,-0.0625
2021-01-15,12000,12000,11800,11950,164,-0.004166666666666652
2021-01-18,11950,12000,11800,11800,480,-0.012552301255230103
2021-01-19,11900,11900,11600,11600,1454,-0.016949152542372836
2021-01-20,11600,11650,11550,11650,432,0.004310344827586299
2021-01-21,11700,11700,11600,11650,343,0.0
2021-01-22,11550,11600,11500,11600,259,-0.0042918454935622075
2021-01-25,11700,11700,11450,11450,547,-0.012931034482758674
2021-01-26,11450,11550,11400,11500,239,0.004366812227074135
2021-01-27,11500,11550,11450,11550,82,0.004347826086956497
2021-01-28,11550,11550,11450,11500,271,-0.0043290043290042934
2021-01-29,11500,11500,11350,11350,206,-0.013043478260869601
2021-02-01,11300,11400,11200,11400,96,0.004405286343612369
2021-02-02,11400,11450,11250,11450,1045,0.004385964912280604
2021-02-03,11300,11400,11300,11400,523,-0.004366812227074246
2021-02-04,11500,11550,11500,11550,65,0.013157894736842035
2021-02-05,11550,11550,11350,11400,394,-0.012987012987012991
2021-02-08,11350,11500,11350,11500,159,0.00877192982456143
2021-02-09,11500,11500,11400,11500,144,0.0
2021-02-10,11500,11600,11500,11600,13,0.008695652173912993
2021-02-15,11600,11600,11400,11500,495,-0.008620689655172376
2021-02-16,11350,11500,11350,11500,295,0.0
2021-02-17,11550,11550,11450,11450,193,-0.004347826086956497
2021-02-18,11450,11600,11450,11550,344,0.008733624454148492
2021-02-19,11450,11550,11450,11550,220,0.0
2021-02-22,11550,11650,11500,11600,135,0.0043290043290042934
2021-02-23,11500,11700,11500,11700,48,0.008620689655172376
2021-02-24,11700,11700,11550,11650,71,-0.004273504273504258
2021-02-25,11500,11650,11500,11650,345,0.0
2021-02-26,11600,11600,11600,11600,0,-0.0042918454935622075
2021-03-02,11900,11900,11900,11900,1,0.02586206896551735
2021-03-03,11850,11850,11500,11750,61,-0.012605042016806678
2021-03-04,11450,11700,11450,11700,27,-0.004255319148936176
2021-03-05,11700,11700,11250,11500,126,-0.017094017094017144
2021-03-08,11500,11500,11500,11500,30,0.0
2021-03-09,11500,11500,11500,11500,0,0.0
2021-03-10,11350,11500,11350,11500,28,0.0
2021-03-11,11500,11750,11500,11700,67,0.017391304347825987
2021-03-12,11400,11700,11400,11700,1160,0.0
2021-03-15,11650,11950,11650,11900,2166,0.017094017094017033
2021-03-16,11850,11850,11750,11800,466,-0.008403361344537785
2021-03-17,11800,12300,11800,11950,1407,0.012711864406779627
2021-03-18,11950,11950,11800,11800,1262,-0.012552301255230103
2021-03-19,11750,11800,11700,11800,68,0.0
2021-03-22,11850,11850,11750,11850,56,0.004237288135593209
2021-03-23,11700,11900,11700,11800,708,-0.00421940928270037
2021-03-24,11700,11900,11700,11850,239,0.004237288135593209
2021-03-25,11800,12050,11800,12050,79,0.016877637130801704
2021-03-26,11800,12100,11800,12100,254,0.004149377593360981
2021-03-29,12150,12150,11850,12000,303,-0.008264462809917328
2021-03-30,11900,12000,11900,12000,207,0.0
2021-03-31,12000,12050,11900,11900,1585,-0.008333333333333304
2021-04-01,11850,12100,11850,12100,942,0.01680672268907557
2021-04-02,12200,12200,11850,11850,6889,-0.02066115702479343
2021-04-05,12300,12300,11850,11900,281,0.00421940928270037
2021-04-06,12000,12350,11950,12300,1105,0.03361344537815136
2021-04-07,12350,12350,12100,12200,361,-0.008130081300813052
2021-04-08,12250,12300,12000,12150,471,-0.004098360655737654
2021-04-09,12100,12100,11950,12000,840,-0.012345679012345734
2021-04-12,11900,11900,11900,11900,50,-0.008333333333333304
2021-04-13,11850,11900,11850,11850,704,-0.004201680672268893
2021-04-14,11850,11900,11800,11900,46,0.00421940928270037
2021-04-15,11950,11950,11850,11950,255,0.004201680672268893
2021-04-16,11950,12000,11950,12000,2153,0.004184100418409997
2021-04-19,11900,12200,11900,12200,743,0.016666666666666607
2021-04-20,12200,14900,12200,14000,37231,0.14754098360655732
2021-04-21,14550,14550,13000,13450,37223,-0.03928571428571426
2021-04-22,13900,13900,13200,13450,15153,0.0
2021-04-23,13450,13450,13200,13400,5322,-0.0037174721189591198
2021-04-26,13300,13450,13250,13250,2463,-0.011194029850746245
2021-04-27,13250,13300,13200,13250,2235,0.0
2021-04-28,13600,13900,13350,13750,6757,0.037735849056603765
2021-04-29,13900,13900,13300,13450,2452,-0.021818181818181848
2021-04-30,13800,14000,13450,13950,6606,0.037174721189590976
2021-05-03,14450,14450,13550,13800,3690,-0.010752688172043001
2021-05-04,13950,13950,13000,13350,5533,-0.03260869565217395
2021-05-06,13200,17350,13200,17350,64198,0.2996254681647941
2021-05-07,20000,22550,20000,22550,37491,0.2997118155619596
2021-05-10,28000,29300,28000,29300,60609,0.29933481152993346
2021-05-11,33300,36000,22500,22500,188086,-0.23208191126279865
2021-05-12,27900,29250,27900,29250,82386,0.30000000000000004
2021-05-13,27500,38000,27500,38000,172622,0.2991452991452992
2021-05-14,45400,45400,38300,39350,134791,0.03552631578947363
2021-05-17,33400,33500,27550,29000,128833,-0.2630241423125794
2021-05-18,31100,32500,27100,27550,104678,-0.050000000000000044
2021-05-20,25200,26200,25000,26200,64014,-0.0490018148820327
2021-05-21,25000,25000,23100,23300,45521,-0.11068702290076338
2021-05-24,22500,23400,21400,22750,35362,-0.023605150214592308
2021-05-25,22200,23000,22200,22800,14866,0.00219780219780219
2021-05-26,22100,22150,21200,21350,19885,-0.0635964912280702
2021-05-27,21550,22100,20700,21600,17285,0.011709601873536313
2021-05-28,21200,21950,20850,21700,14093,0.004629629629629539
2021-05-31,21300,21300,20150,20150,14182,-0.0714285714285714
2021-06-01,20150,26100,19650,24200,122154,0.20099255583126552
2021-06-02,22700,23850,21800,22350,40917,-0.07644628099173556
2021-06-03,22300,23550,22300,23450,24958,0.04921700223713654
2021-06-04,23450,23450,21600,21850,13243,-0.06823027718550112
2021-06-07,21850,21850,20000,20000,23241,-0.08466819221967958
2021-06-08,19400,21300,19250,21300,18894,0.06499999999999995
2021-06-09,20900,21400,20100,20350,7774,-0.04460093896713613
2021-06-10,20350,26450,20350,24250,117553,0.19164619164619157
2021-06-11,24250,24250,20900,22050,66240,-0.0907216494845361
2021-06-14,24000,28650,24000,28650,90858,0.2993197278911566
2021-06-15,29450,36000,29450,32950,184463,0.1500872600349039
2021-06-16,30300,30850,28350,29200,87508,-0.11380880121396053
2021-06-17,27000,27200,25750,26300,45067,-0.09931506849315064
2021-06-18,28100,29200,26050,27000,57025,0.026615969581748944
2021-06-21,23350,25400,23350,25400,27359,-0.059259259259259234
2021-06-22,25100,26550,24300,24850,28167,-0.021653543307086576
2021-06-23,25400,25400,24050,24200,18051,-0.026156941649899346
2021-06-24,24200,27500,23800,25400,30673,0.04958677685950419
2021-06-25,25350,25450,24950,25450,9008,0.0019685039370078705
2021-06-28,25250,27850,25250,27700,48089,0.08840864440078589
2021-06-29,26700,26700,24100,24450,21562,-0.11732851985559567
2021-06-30,24950,24950,23100,24000,12216,-0.018404907975460127
2021-07-01,24050,24450,22200,22250,13695,-0.07291666666666663
2021-07-02,22150,22350,20200,20800,20242,-0.06516853932584266
2021-07-05,21000,21250,20650,21250,7040,0.02163461538461542
2021-07-06,21450,22200,21450,21950,10454,0.03294117647058825
2021-07-07,24300,24300,22200,22350,18119,0.018223234624145768
2021-07-08,21550,21550,20850,21450,16049,-0.04026845637583898
2021-07-09,21450,21450,20800,21400,7011,-0.002331002331002363
2021-07-12,21100,21350,21050,21150,4081,-0.011682242990654235
2021-07-13,21150,21650,21150,21350,4531,0.009456264775413725
2021-07-14,20950,20950,20300,20350,7981,-0.04683840749414525
2021-07-15,20350,20350,19550,19650,10563,-0.03439803439803435
2021-07-16,19650,19650,19500,19550,4907,-0.0050890585241730735
2021-07-19,19550,19800,19400,19550,4683,0.0
2021-07-20,19050,19650,19050,19300,6487,-0.012787723785166238
2021-07-21,19150,19150,18500,18500,4697,-0.041450777202072575
2021-07-22,18900,18900,18500,18500,1666,0.0
2021-07-23,18500,18500,17600,17800,4464,-0.037837837837837784
2021-07-26,19300,22500,18950,22100,35533,0.2415730337078652
2021-07-27,20700,22000,20700,20850,28529,-0.0565610859728507
2021-07-28,20400,21250,19850,20500,8437,-0.016786570743405282
2021-07-29,20900,21750,20600,20950,6028,0.02195121951219514
2021-07-30,22000,24000,20850,20850,63989,-0.004773269689737458
2021-08-02,20850,20850,19300,19300,20637,-0.07434052757793763
2021-08-03,19200,19200,18550,18600,9178,-0.03626943005181349
2021-08-04,18550,19200,18550,18950,5971,0.018817204301075252
2021-08-05,18800,19300,18800,19050,2165,0.005277044854881341
2021-08-06,18600,18600,18300,18550,4639,-0.026246719160105014
2021-08-09,18350,18350,17800,18100,6888,-0.02425876010781669
2021-08-10,18100,18400,18000,18050,3944,-0.002762430939226568
2021-08-11,17800,18050,17550,17800,2966,-0.013850415512465353
2021-08-12,17750,17850,17700,17700,1842,-0.005617977528089901
2021-08-13,17650,17650,16400,17000,5412,-0.039548022598870025
2021-08-17,16950,16950,15650,15900,4484,-0.06470588235294117
2021-08-18,15700,18000,15400,17000,9059,0.0691823899371069
2021-08-19,16300,16550,16000,16000,4680,-0.05882352941176472
2021-08-20,15950,15950,15000,15200,5577,-0.050000000000000044
2021-08-23,14900,16000,14900,15700,1538,0.03289473684210531
2021-08-24,15800,16850,15800,16050,6478,0.022292993630573354
2021-08-25,16150,16150,16000,16150,3796,0.006230529595015577
2021-08-26,16500,16500,16050,16050,2003,-0.006191950464396245
2021-08-27,16050,16850,16050,16500,1852,0.028037383177569986
2021-08-30,16500,16500,16200,16500,2903,0.0
2021-08-31,16450,16750,16250,16750,577,0.015151515151515138
2021-09-01,16500,17300,16500,17200,2221,0.02686567164179099
2021-09-02,17500,17500,17000,17300,1767,0.005813953488372103
2021-09-03,16600,16750,16550,16550,2520,-0.043352601156069315
2021-09-06,16150,16450,16100,16200,7444,-0.02114803625377648
2021-09-07,16300,16650,16150,16300,2258,0.006172839506172867
2021-09-08,16600,16600,15600,15600,3541,-0.042944785276073594
2021-09-09,16900,16900,16000,16150,5344,0.03525641025641035
2021-09-10,16150,16200,16050,16150,4559,0.0
2021-09-13,16700,17000,16250,16400,3425,0.015479876160990669
2021-09-14,16400,16850,16400,16550,1041,0.009146341463414531
2021-09-15,16550,17000,16300,16700,670,0.009063444108761365
2021-09-16,16650,16650,16100,16200,2508,-0.029940119760479056
2021-09-17,16400,16900,16250,16800,1506,0.03703703703703698
2021-09-23,16850,16850,16400,16400,4482,-0.023809523809523836
2021-09-24,16400,16600,16000,16100,1648,-0.018292682926829285
2021-09-27,16000,16100,16000,16100,2074,0.0
2021-09-28,16500,16500,16000,16000,4342,-0.006211180124223614
2021-09-29,15350,16450,15350,15950,196,-0.0031250000000000444
2021-09-30,15600,15950,15400,15700,3005,-0.01567398119122254
2021-10-01,15300,15350,15050,15200,832,-0.031847133757961776
2021-10-05,15200,15200,14150,14300,2444,-0.05921052631578949
2021-10-06,14300,14300,13350,13350,3341,-0.06643356643356646
2021-10-07,13500,13500,13150,13400,2197,0.0037453183520599342
2021-10-08,13500,14350,13350,13750,2802,0.026119402985074647
2021-10-12,13000,13950,13000,13950,1551,0.014545454545454639
2021-10-13,13950,14200,13950,14150,798,0.014336917562723928
2021-10-14,14150,15200,14150,14300,2225,0.010600706713780994
2021-10-15,14300,14400,14200,14350,878,0.0034965034965035446
2021-10-18,14950,15000,14350,14450,3119,0.006968641114982521
2021-10-19,14450,15000,14350,15000,1066,0.03806228373702414
2021-10-20,15000,15000,14600,14700,657,-0.020000000000000018
2021-10-21,15000,15000,14750,14950,219,0.017006802721088343
2021-10-22,14700,14850,14600,14600,332,-0.02341137123745818
2021-10-25,14700,14800,14600,14750,870,0.010273972602739656
2021-10-26,14650,14900,14600,14650,666,-0.006779661016949157
2021-10-27,14650,14650,14450,14650,494,0.0
2021-10-28,14700,14900,14700,14800,1415,0.010238907849829282
2021-10-29,14950,14950,14550,14900,1761,0.006756756756756799
2021-11-01,15200,15500,14900,15500,4156,0.04026845637583887
2021-11-02,15500,15500,14700,15150,1234,-0.022580645161290325
2021-11-03,15150,15150,14800,14850,1080,-0.01980198019801982
2021-11-04,14850,14850,14350,14750,2539,-0.006734006734006703
2021-11-05,14600,14850,14400,14400,3592,-0.023728813559321993
2021-11-08,14800,14800,14150,14500,5246,0.00694444444444442
2021-11-09,14550,14750,14500,14500,1185,0.0
2021-11-10,14500,14500,14150,14300,2933,-0.01379310344827589
2021-11-11,14450,14500,14400,14450,2250,0.010489510489510412
2021-11-12,14300,14500,14300,14500,767,0.0034602076124568004
2021-11-15,14500,14600,14500,14550,1577,0.0034482758620688614
2021-11-16,14500,14550,14300,14300,1265,-0.01718213058419249
2021-11-17,14300,14350,14250,14300,756,0.0
2021-11-18,14300,14350,14300,14350,324,0.0034965034965035446
2021-11-19,14100,14300,14100,14300,449,-0.0034843205574912606
2021-11-22,14400,14400,14200,14350,223,0.0034965034965035446
2021-11-23,14350,14400,14100,14100,490,-0.017421602787456414
2021-11-24,13900,14400,13900,14100,1163,0.0
2021-11-25,14600,14600,14300,14300,943,0.014184397163120588
2021-11-26,14350,14400,14100,14100,1208,-0.013986013986013957
2021-11-29,13300,14850,13300,13600,995,-0.03546099290780147
2021-11-30,14200,14450,14100,14300,2463,0.05147058823529416
2021-12-01,14950,14950,13850,14550,611,0.0174825174825175
2021-12-02,14550,14850,14550,14550,1557,0.0
2021-12-03,14850,15950,14850,15550,4651,0.06872852233676974
2021-12-06,15950,15950,15200,15200,4066,-0.022508038585209
2021-12-07,15200,15200,14900,14900,1336,-0.019736842105263164
2021-12-08,14800,15300,14800,15300,424,0.02684563758389258
2021-12-09,15050,15750,15050,15300,1517,0.0
2021-12-10,15300,19000,15300,18100,18883,0.18300653594771243
2021-12-13,17500,17500,16600,16950,16796,-0.06353591160220995
2021-12-14,16250,16400,16100,16200,5893,-0.04424778761061943
2021-12-15,16050,16300,16050,16150,3205,-0.0030864197530864335
2021-12-16,16300,16300,15900,16000,1163,-0.009287925696594423
2021-12-17,15800,16100,15750,16000,996,0.0
2021-12-20,16000,16000,15350,15800,1317,-0.012499999999999956
2021-12-21,15750,15850,15500,15700,2368,-0.006329113924050667
2021-12-22,15700,16100,15700,16100,632,0.02547770700636942
2021-12-23,15350,15600,15350,15600,2656,-0.03105590062111796
2021-12-24,15600,16150,15350,16150,917,0.03525641025641035
2021-12-27,16150,16150,15600,15650,744,-0.03095975232198145
2021-12-28,15550,15850,15550,15550,536,-0.006389776357827448
2021-12-29,16000,16000,15700,15700,237,0.009646302250803762
2021-12-30,15800,16000,15500,15800,620,0.006369426751592355
2022-01-03,15500,15700,15350,15700,2450,-0.006329113924050667
2022-01-04,15400,15550,15250,15550,4313,-0.009554140127388533
2022-01-05,15550,15550,15000,15050,4560,-0.032154340836012874
2022-01-06,15050,15400,14700,15050,2255,0.0
2022-01-07,15700,15700,15200,15300,504,0.01661129568106312
2022-01-10,15300,15450,15000,15350,443,0.0032679738562091387
2022-01-11,15350,15350,15000,15100,2097,-0.016286644951140072
2022-01-12,14900,15250,14900,15250,497,0.009933774834437026
2022-01-13,14850,15250,14850,15000,793,-0.016393442622950838
2022-01-14,15200,15300,15000,15300,2306,0.020000000000000018
2022-01-17,15400,18500,15400,16000,52342,0.045751633986928164
2022-01-18,15300,15450,15000,15000,14482,-0.0625
2022-01-19,15400,15400,15050,15050,2214,0.0033333333333334103
2022-01-20,15200,19550,15050,19550,83808,0.2990033222591362
2022-01-21,20800,22950,16900,16900,198845,-0.13554987212276215
2022-01-24,16150,16500,15650,16500,40407,-0.023668639053254448
2022-01-25,17000,17000,15300,16150,25827,-0.021212121212121238
2022-01-26,15800,15950,15550,15800,15084,-0.021671826625387025
2022-01-27,15700,15700,14750,14750,18995,-0.06645569620253167
2022-01-28,15550,17650,15200,15200,96412,0.03050847457627115
2022-02-03,15350,15350,15200,15300,16094,0.006578947368421018
2022-02-04,15000,18950,15000,16750,72437,0.09477124183006547
2022-02-07,15800,17000,15800,16050,45691,-0.04179104477611939
2022-02-08,16050,17450,16050,16600,56415,0.03426791277258556
2022-02-09,17100,18900,16400,16400,60759,-0.012048192771084376
2022-02-10,16150,16700,15800,16050,18386,-0.021341463414634165
2022-02-11,16200,16250,15850,15950,9714,-0.006230529595015577
2022-02-14,15850,15850,15400,15650,8908,-0.018808777429467072
2022-02-15,15650,16850,15400,15500,22251,-0.009584664536741228
2022-02-16,16100,16150,15700,16000,8375,0.032258064516129004
2022-02-17,16200,17300,16000,17300,44465,0.08125000000000004
2022-02-18,17100,17500,16700,16750,44070,-0.03179190751445082
2022-02-21,16250,16300,16000,16100,14141,-0.03880597014925369
2022-02-22,15650,16200,15650,15850,11139,-0.01552795031055898
2022-02-23,15850,16000,15650,15850,6179,0.0
2022-02-24,15850,15850,15100,15100,9146,-0.04731861198738174
2022-02-25,15600,15800,15350,15400,2446,0.019867549668874274
2022-02-28,15100,15700,15100,15150,6366,-0.016233766233766267
2022-03-02,15650,15650,15300,15600,1639,0.02970297029702973
2022-03-03,16700,16700,15700,15700,13113,0.0064102564102563875
2022-03-04,15700,15700,15200,15450,8584,-0.015923566878980888
2022-03-07,15300,15350,15000,15100,5201,-0.02265372168284785
2022-03-08,15100,15100,15000,15000,2882,-0.0066225165562914245
2022-03-10,15550,15550,15200,15250,2162,0.016666666666666607
2022-03-11,15100,16000,15100,15650,4744,0.026229508196721207
2022-03-14,15650,15650,15150,15350,2575,-0.019169329073482455
2022-03-15,15200,15200,15050,15100,1809,-0.016286644951140072
2022-03-16,15150,15600,15150,15600,811,0.0331125827814569
2022-03-17,15450,15500,15300,15350,1317,-0.01602564102564108
2022-03-18,15800,15800,15500,15800,984,0.02931596091205213
2022-03-21,16200,16200,15800,15900,1272,0.006329113924050667
2022-03-22,16200,16700,15700,16200,5170,0.018867924528301883
2022-03-23,16350,16350,15750,15900,3136,-0.01851851851851849
2022-03-24,15900,15950,15750,15950,360,0.003144654088050425
2022-03-25,16100,16100,15800,15800,928,-0.009404388714733591
2022-03-28,15750,16000,15700,16000,1043,0.012658227848101333
2022-03-29,16700,18400,16550,16650,45134,0.04062499999999991
2022-03-30,17750,18150,16250,16300,29619,-0.02102102102102099
2022-03-31,16250,16800,16250,16600,9145,0.018404907975460016
2022-04-01,16250,16400,16250,16250,2583,-0.02108433734939763
2022-04-04,16200,16650,16200,16650,3682,0.024615384615384706
2022-04-05,16400,16500,16400,16400,1764,-0.01501501501501501
2022-04-06,16350,16750,16250,16700,1613,0.018292682926829285
2022-04-07,16650,16650,16350,16600,2182,-0.005988023952095856
2022-04-08,16550,16600,16350,16600,3246,0.0
2022-04-11,16500,16600,16400,16600,1629,0.0
2022-04-12,16600,17000,16600,17000,10614,0.024096385542168752
2022-04-13,16650,17000,16650,16950,2246,-0.002941176470588225
2022-04-14,16800,16800,16700,16700,1808,-0.014749262536873142
2022-04-15,16500,16750,16500,16750,1347,0.0029940119760478723
2022-04-18,16750,16850,16750,16750,959,0.0
2022-04-19,16650,16850,16650,16850,1998,0.005970149253731405
2022-04-20,16800,17300,16800,17300,2622,0.026706231454005858
2022-04-21,17000,17400,17000,17400,1460,0.005780346820809301
2022-04-22,17450,17450,17050,17300,1586,-0.005747126436781658
2022-04-25,17200,17200,17000,17050,1118,-0.014450867052023142
2022-04-26,17200,17200,17050,17050,1397,0.0
2022-04-27,17050,17050,16500,17050,913,0.0
2022-04-28,16700,16950,16700,16950,1221,-0.0058651026392961825
2022-04-29,16750,17450,16600,17450,1108,0.029498525073746285
2022-05-02,17200,17300,16850,17300,1015,-0.008595988538681931
2022-05-03,17250,17250,17150,17150,60,-0.00867052023121384
2022-05-04,17200,17300,17000,17200,1161,0.00291545189504383
2022-05-06,16750,17100,16700,17100,112,-0.005813953488372103
2022-05-09,17000,17000,16500,16550,532,-0.032163742690058506
2022-05-10,16500,16500,15900,16500,1021,-0.0030211480362537513
2022-05-11,16600,16850,16600,16800,782,0.018181818181818077
2022-05-12,16300,16450,16150,16150,790,-0.038690476190476164
2022-05-13,16150,16900,16150,16900,158,0.04643962848297223
2022-05-16,16800,17000,16600,17000,50,0.00591715976331364
2022-05-17,17000,17000,16950,17000,168,0.0
2022-05-18,16950,16950,16400,16500,400,-0.02941176470588236
2022-05-19,16100,16800,16000,16700,1198,0.0121212121212122
2022-05-20,16450,16700,16400,16700,960,0.0
2022-05-23,16450,16750,16350,16700,555,0.0
2022-05-24,16700,16700,16450,16550,78,-0.008982035928143728
2022-05-25,16300,16600,16300,16600,597,0.0030211480362538623
2022-05-26,16400,16600,16400,16600,374,0.0
2022-05-27,16650,16650,16550,16650,85,0.003012048192771122
2022-05-30,16650,16750,16450,16750,3770,0.006006006006006093
2022-05-31,16850,16950,16500,16850,4039,0.005970149253731405
2022-06-02,16850,17100,16400,16600,5963,-0.014836795252225476
2022-06-03,16400,16700,16400,16500,1553,-0.0060240963855421326
2022-06-07,16250,16350,15850,15900,3157,-0.036363636363636376
2022-06-08,16300,16300,15750,15750,2278,-0.009433962264150941
2022-06-09,15750,17600,15200,17600,2118,0.11746031746031749
2022-06-10,16000,18100,15900,15950,42991,-0.09375
2022-06-13,15750,17550,15550,15550,49401,-0.025078369905956133
2022-06-14,15700,15700,14650,14650,12209,-0.05787781350482313
2022-06-15,14800,14800,14100,14100,3023,-0.03754266211604096
2022-06-16,14100,14700,14100,14500,1832,0.028368794326241176
2022-06-17,14700,14700,13850,14000,3578,-0.03448275862068961
2022-06-20,14000,14000,13000,13000,1961,-0.0714285714285714
2022-06-21,13400,14500,13400,13700,20553,0.05384615384615388
2022-06-22,13100,13100,12250,12250,6354,-0.1058394160583942
2022-06-23,11000,12900,11000,11800,3249,-0.03673469387755102
2022-06-24,11400,12450,11400,12450,2342,0.05508474576271194
2022-06-27,12000,12650,12000,12400,2374,-0.004016064257028162
2022-06-28,12250,12450,12250,12400,1082,0.0
2022-06-29,12250,12700,12250,12550,365,0.012096774193548487
2022-06-30,12600,13000,12600,12850,633,0.0239043824701195
2022-07-01,13200,13200,12850,12850,1024,0.0
2022-07-04,12850,12850,11950,12300,3040,-0.04280155642023342
2022-07-05,12400,13450,12350,13350,5208,0.08536585365853666
2022-07-06,12750,13350,12550,12550,8725,-0.05992509363295884
2022-07-07,12800,12800,12350,12600,2935,0.003984063745019917
2022-07-08,12550,12550,12300,12400,2323,-0.015873015873015928
2022-07-11,12500,13050,12400,12600,1464,0.016129032258064502
2022-07-12,12250,12600,12250,12300,1718,-0.023809523809523836
2022-07-13,12300,12600,12050,12300,1974,0.0
2022-07-14,12300,12800,12300,12400,903,0.008130081300812941
2022-07-15,12200,12400,12200,12400,839,0.0
2022-07-18,12200,12450,12150,12400,1815,0.0
2022-07-19,12400,12600,12400,12550,940,0.012096774193548487
2022-07-20,12600,13400,12600,12850,2676,0.0239043824701195
2022-07-21,12750,12900,12550,12550,1758,-0.023346303501945553
2022-07-22,12400,12600,12400,12600,1458,0.003984063745019917
2022-07-25,12450,12850,12450,12850,261,0.01984126984126977
2022-07-26,12800,12900,12650,12650,675,-0.015564202334630295
2022-07-27,12500,12700,12500,12700,1100,0.0039525691699604515
2022-07-28,12700,13050,12700,13050,1302,0.027559055118110187
2022-07-29,12950,13250,12950,13250,707,0.015325670498084198
2022-08-01,12950,12950,12700,12700,1373,-0.04150943396226414
2022-08-02,12700,12800,12700,12800,397,0.007874015748031482
2022-08-03,12700,13050,12700,13000,1730,0.015625
2022-08-04,13000,13400,12800,12800,2064,-0.01538461538461533
2022-08-05,12950,12950,12750,12900,463,0.0078125
2022-08-08,12800,12900,12800,12900,749,0.0
2022-08-09,13000,13000,12750,12900,295,0.0
2022-08-10,12800,13050,12750,12950,469,0.003875968992248069
2022-08-11,13050,13050,12750,12900,359,-0.0038610038610038533
2022-08-12,12900,13250,12800,13150,711,0.019379844961240345
2022-08-16,13300,13500,13000,13300,1083,0.011406844106463865
2022-08-17,13300,13300,12750,13150,1292,-0.011278195488721776
2022-08-18,13050,13050,12750,12950,1590,-0.01520912547528519
2022-08-19,12700,12900,12700,12900,425,-0.0038610038610038533
2022-08-22,12650,12900,12650,12900,240,0.0
2022-08-23,12600,12750,12600,12750,959,-0.011627906976744207
2022-08-24,12600,12750,12600,12750,568,0.0
2022-08-25,12650,12850,12650,12850,409,0.007843137254901933
2022-08-26,12850,12850,12750,12800,1252,-0.0038910505836575737
2022-08-29,12600,13150,12600,13150,162,0.02734375
2022-08-30,12950,12950,12650,12850,821,-0.02281368821292773
2022-08-31,12750,13150,12600,13050,1020,0.015564202334630295
2022-09-01,12950,12950,12800,12800,64,-0.019157088122605415
2022-09-02,12850,12900,12850,12900,44,0.0078125
2022-09-05,12900,13200,12900,13200,1063,0.023255813953488413
2022-09-06,13100,13400,12900,13350,1374,0.011363636363636465
2022-09-07,13000,13300,12900,13300,155,-0.0037453183520599342
2022-09-08,13250,13300,12950,12950,2564,-0.02631578947368418
2022-09-13,13000,13150,12900,13150,3488,0.015444015444015413
2022-09-14,13050,13050,12750,13000,95,-0.011406844106463865
2022-09-15,12800,12800,12550,12550,1078,-0.0346153846153846
2022-09-16,12350,12350,12100,12250,1427,-0.0239043824701195
2022-09-19,12350,13600,12100,13600,1137,0.11020408163265305
2022-09-20,12800,12800,12000,12300,4787,-0.09558823529411764
2022-09-21,12100,12550,12050,12100,382,-0.016260162601625994
2022-09-22,12000,12150,11750,12000,335,-0.008264462809917328
2022-09-23,11800,11850,11800,11850,652,-0.012499999999999956
2022-09-26,11750,12750,11650,11650,1408,-0.016877637130801704
2022-09-27,11750,11750,11400,11400,501,-0.02145922746781115
2022-09-28,11400,11400,11000,11200,529,-0.01754385964912286
2022-09-29,11050,12450,11050,12000,1535,0.0714285714285714
2022-09-30,11900,12250,11500,11500,1033,-0.04166666666666663
2022-10-04,11350,11950,11350,11950,106,0.03913043478260869
2022-10-05,12000,12350,11850,11850,544,-0.008368200836820106
2022-10-06,12250,13200,12250,13000,2994,0.09704641350210963
2022-10-07,12900,12900,12550,12800,1314,-0.01538461538461533
2022-10-11,12800,12800,12450,12500,1540,-0.0234375
2022-10-12,13400,13400,12350,12800,556,0.02400000000000002
2022-10-13,12450,12850,12300,12450,1429,-0.02734375
2022-10-14,12900,12900,12600,12800,81,0.028112449799196693
2022-10-17,13150,13150,12650,12900,137,0.0078125
2022-10-18,13150,13150,12250,12250,179,-0.050387596899224785
2022-10-19,12400,12700,12400,12700,203,0.03673469387755102
2022-10-20,12650,12650,12200,12200,1095,-0.03937007874015752
2022-10-21,12400,12650,12400,12650,886,0.03688524590163933
2022-10-24,13250,13250,12750,12750,738,0.007905138339920903
2022-10-25,12950,12950,12550,12550,144,-0.015686274509803977
2022-10-26,12650,12750,12650,12650,201,0.007968127490039834
2022-10-27,12600,12700,12550,12550,37,-0.007905138339920903
2022-10-28,13300,13300,13000,13000,436,0.03585657370517925
2022-10-31,13350,13350,13050,13250,257,0.019230769230769162
2022-11-01,12900,13150,12850,12850,3291,-0.030188679245283012
2022-11-02,13150,13300,13100,13100,1232,0.01945525291828787
2022-11-03,13350,13350,13000,13050,64,-0.003816793893129722
2022-11-04,13050,13200,12900,12900,162,-0.011494252873563204
2022-11-07,13400,13400,13200,13400,337,0.03875968992248069
2022-11-08,13350,14000,13250,14000,391,0.04477611940298498
2022-11-09,13900,13900,13300,13400,226,-0.042857142857142816
2022-11-10,13100,13850,13100,13850,144,0.033582089552238736
2022-11-11,13350,13500,13300,13300,2803,-0.03971119133574008
2022-11-14,13100,13300,13100,13150,1061,-0.011278195488721776
2022-11-15,13150,13200,13050,13050,179,-0.0076045627376425395
2022-11-16,13250,13250,13050,13200,361,0.011494252873563315
2022-11-17,13100,13100,13000,13000,325,-0.015151515151515138
2022-11-18,13050,13200,13050,13200,212,0.01538461538461533
2022-11-21,13200,13200,13200,13200,34,0.0
2022-11-22,13400,13400,12800,12800,2549,-0.030303030303030276
2022-11-23,12900,13000,12900,13000,447,0.015625
2022-11-24,13100,14200,13050,14200,186,0.0923076923076922
2022-11-25,13600,13600,13150,13250,694,-0.06690140845070425
2022-11-28,13050,13050,12900,13000,2171,-0.018867924528301883
2022-11-29,12900,13000,12850,13000,1014,0.0
2022-11-30,13000,13400,13000,13350,2512,0.026923076923076827
2022-12-01,13750,14650,13550,13950,15114,0.04494382022471921
2022-12-02,13950,14200,13500,13700,6791,-0.017921146953404965
2022-12-05,13700,13700,13300,13500,2279,-0.014598540145985384
2022-12-06,13400,13500,13200,13350,425,-0.011111111111111072
2022-12-07,13350,13500,13250,13250,298,-0.0074906367041198685
2022-12-08,13500,13500,13000,13050,2811,-0.015094339622641506
2022-12-09,13750,13750,13300,13700,1974,0.04980842911877392
2022-12-12,13700,13700,13400,13650,3120,-0.0036496350364964014
2022-12-13,13650,13650,13200,13400,1324,-0.01831501831501836
2022-12-14,13350,13900,13350,13350,3190,-0.003731343283582045
2022-12-15,13500,13500,13000,13150,4764,-0.014981273408239737
2022-12-16,13000,13200,13000,13050,4953,-0.0076045627376425395
2022-12-19,12900,13500,12900,13450,180,0.03065134099616862
2022-12-20,13300,13300,12700,13000,953,-0.03345724907063197
2022-12-21,12900,13050,12650,12900,2533,-0.007692307692307665
2022-12-22,12800,12900,12750,12800,234,-0.007751937984496138
2022-12-23,12800,12900,12650,12700,6389,-0.0078125
2022-12-26,12850,12850,12700,12700,3174,0.0
2022-12-27,12700,13200,12700,13200,2449,0.03937007874015741
2022-12-28,13050,13100,12800,12900,1432,-0.022727272727272707
2022-12-29,13800,13800,12600,12600,1823,-0.023255813953488413
2023-01-02,12600,13000,12600,12900,25,0.023809523809523725
2023-01-03,12900,12950,12500,12500,7621,-0.03100775193798455
2023-01-04,12500,12950,12500,12950,935,0.03600000000000003
2023-01-05,13500,13500,12600,12800,1119,-0.01158301158301156
2023-01-06,12850,12850,12650,12700,1175,-0.0078125
2023-01-09,12700,12800,12600,12750,1775,0.003937007874015741
2023-01-10,12800,12850,12800,12850,191,0.007843137254901933
2023-01-11,13450,13450,12850,12900,80,0.0038910505836575737
2023-01-12,13000,13050,13000,13050,681,0.011627906976744207
2023-01-13,13750,13750,13050,13150,230,0.00766283524904221
2023-01-16,13100,13150,13000,13050,605,-0.0076045627376425395
2023-01-17,13050,13150,13050,13150,572,0.00766283524904221
2023-01-18,13150,13500,13000,13200,1590,0.0038022813688212143
2023-01-19,13700,13700,13100,13100,1001,-0.007575757575757569
2023-01-20,13400,13450,13100,13400,193,0.022900763358778553
2023-01-25,13410,13410,13060,13060,170,-0.025373134328358193
2023-01-26,13080,13200,13060,13190,1792,0.009954058192955584
2023-01-27,13190,13300,13100,13290,386,0.007581501137225111
2023-01-30,13130,14800,13120,14800,2561,0.11361926260346134
2023-01-31,13290,13390,13150,13190,4039,-0.10878378378378384
2023-02-01,13250,13350,13110,13180,430,-0.0007581501137224889
2023-02-02,13290,13290,13170,13170,107,-0.0007587253414264028
2023-02-03,13020,13140,13020,13070,589,-0.00759301442672744
2023-02-06,13080,13170,13080,13170,1136,0.007651109410864665
2023-02-07,13090,13270,13090,13270,1118,0.007593014426727329
2023-02-08,13240,13240,13060,13200,435,-0.005275056518462717
2023-02-09,13040,13300,13030,13120,158,-0.0060606060606061
2023-02-10,13120,13280,13120,13250,1258,0.009908536585365946
2023-02-13,13250,13990,13250,13730,10683,0.03622641509433966
2023-02-14,13670,13820,13380,13460,12438,-0.01966496722505462
2023-02-15,13460,13460,13030,13100,2872,-0.026745913818722156
2023-02-16,13400,13400,13120,13190,1758,0.006870229007633677
2023-02-17,13190,13240,13010,13050,4714,-0.010614101592115288
2023-02-20,13050,13190,13050,13190,686,0.01072796934865905
2023-02-21,13100,13600,13100,13190,925,0.0
2023-02-22,13220,13220,13000,13020,1446,-0.012888551933282755
2023-02-23,13000,13190,13000,13060,796,0.003072196620583778
2023-02-24,13140,13190,13070,13070,1685,0.0007656967840734552
2023-02-27,13000,13140,13000,13020,548,-0.0038255547054323324
2023-02-28,13150,13180,13050,13170,582,0.011520737327188835
2023-03-02,13020,13450,13000,13420,574,0.018982536066818545
2023-03-03,13360,13360,13020,13180,132,-0.01788375558867361
2023-03-06,13030,13840,13030,13840,228,0.050075872534142585
2023-03-07,13250,13390,13150,13300,1241,-0.039017341040462394
2023-03-08,13300,13300,13010,13100,1351,-0.015037593984962405
2023-03-09,13020,13150,13020,13150,208,0.003816793893129722
2023-03-10,13000,13140,13000,13140,25,-0.0007604562737643095
2023-03-13,13140,13140,13000,13110,273,-0.0022831050228310223
2023-03-14,13000,13010,12800,12800,1013,-0.023646071700991644
2023-03-15,12810,13000,12810,13000,982,0.015625
2023-03-16,12720,12910,12720,12770,1033,-0.017692307692307674
2023-03-17,12800,13780,12800,13780,506,0.07909162098668765
2023-03-20,13200,13330,13010,13110,692,-0.04862119013062405
2023-03-21,12990,13250,12990,13180,80,0.005339435545385296
2023-03-22,13170,13170,13170,13170,32,-0.0007587253414264028
2023-03-23,12900,13130,12860,13120,438,-0.0037965072133636646
2023-03-24,12920,13060,12920,13000,94,-0.009146341463414642
2023-03-27,12800,12820,12800,12820,571,-0.013846153846153841
2023-03-28,12820,13030,12820,13030,92,0.01638065522620913
2023-03-29,12860,13010,12860,13010,1433,-0.0015349194167306734
2023-03-30,13100,13380,12920,13380,155,0.028439661798616456
2023-03-31,13200,13200,13090,13180,297,-0.014947683109118093
2023-04-03,13320,13320,12920,13280,247,0.007587253414264028
2023-04-04,13110,13180,12930,12950,622,-0.02484939759036142
2023-04-05,13170,13480,13050,13480,226,0.04092664092664089
2023-04-06,13300,13500,13140,13500,202,0.0014836795252226587
2023-04-07,13250,13500,13210,13480,35,-0.001481481481481528
2023-04-10,13470,13470,13120,13140,83,-0.02522255192878342
2023-04-11,13000,13140,13000,13130,893,-0.0007610350076103778
2023-04-12,13090,13250,13090,13250,34,0.009139375476009182
2023-04-13,13050,13570,13050,13440,144,0.014339622641509342
2023-04-14,13440,13440,13270,13270,132,-0.012648809523809534
2023-04-17,13490,13490,13210,13210,101,-0.0045214770158251705
2023-04-18,13390,13390,13160,13180,434,-0.002271006813020393
2023-04-19,13070,13140,13030,13140,528,-0.003034901365705611
2023-04-20,13050,13130,13050,13130,372,-0.0007610350076103778
2023-04-21,13120,13150,13000,13100,3548,-0.0022848438690022954
2023-04-24,13140,13200,13090,13200,1882,0.007633587786259444
2023-04-25,13290,13290,12900,13090,2113,-0.008333333333333304
2023-04-26,13080,13080,12950,13080,1078,-0.0007639419404125158
2023-04-27,13080,13150,12930,13150,1410,0.005351681957186605
2023-04-28,13190,13220,13000,13200,374,0.0038022813688212143
2023-05-02,13390,13390,13060,13060,152,-0.010606060606060619
2023-05-03,13020,13120,13010,13120,623,0.004594180704440953
2023-05-04,13020,13490,13000,13490,98,0.02820121951219523
2023-05-08,13390,13390,13210,13290,122,-0.014825796886582698
2023-05-09,13270,13270,13270,13270,1,-0.0015048908954100604
2023-05-10,13270,13310,13100,13310,1021,0.0030143180105501877
2023-05-11,13450,13450,13060,13060,1888,-0.018782870022539422
2023-05-12,13120,13180,13060,13100,521,0.003062787136294043
2023-05-15,13170,13170,13000,13010,920,-0.006870229007633566
2023-05-16,12930,13100,12930,13100,331,0.006917755572636519
2023-05-17,13080,13080,12930,12930,587,-0.012977099236641254
2023-05-18,13000,13030,13000,13030,4,0.007733952049497228
2023-05-19,13030,13030,12900,12980,457,-0.0038372985418265726
2023-05-22,12750,13090,12750,13090,373,0.008474576271186418
2023-05-23,13080,13080,13080,13080,17,-0.0007639419404125158
2023-05-24,13120,13120,13090,13090,27,0.000764525993883769
2023-05-25,13090,13090,13000,13080,203,-0.0007639419404125158
2023-05-26,13080,13080,12960,13070,70,-0.000764525993883769
2023-05-30,13070,13070,12760,13020,142,-0.0038255547054323324
2023-05-31,13020,13340,12900,13340,281,0.02457757296466978
2023-06-01,13100,13220,13100,13220,24,-0.008995502248875575
2023-06-02,12910,12910,12890,12890,185,-0.024962178517397904
2023-06-05,13000,13190,12800,13190,501,0.023273855702094615
2023-06-07,13280,13300,12910,13290,246,0.007581501137225111
2023-06-08,13240,13240,12900,12900,38,-0.02934537246049662
2023-06-09,13020,13080,12730,13080,1312,0.013953488372093092
2023-06-12,12810,13000,12810,12810,103,-0.020642201834862428
2023-06-13,12930,12930,12720,12720,338,-0.007025761124121788
2023-06-14,12700,12710,12630,12700,975,-0.0015723270440252124
2023-06-15,12700,12900,12650,12750,200,0.003937007874015741
2023-06-16,12800,12800,12800,12800,6,0.0039215686274509665
2023-06-19,12890,12890,12620,12650,1384,-0.01171875
2023-06-20,12710,12890,12660,12860,117,0.016600790513833896
2023-06-21,12800,12800,12660,12760,40,-0.007776049766718529
2023-06-22,12760,12760,12650,12710,27,-0.003918495297805635
2023-06-23,12620,12620,12600,12600,1750,-0.00865460267505902
2023-06-26,12640,12720,12640,12720,62,0.00952380952380949
2023-06-27,12510,12530,12500,12530,508,-0.014937106918239018
2023-06-28,12590,12590,12460,12540,233,0.0007980845969672856
2023-06-29,12500,12500,12450,12450,6,-0.0071770334928229484
2023-06-30,12450,13180,12330,13180,371,0.05863453815261055
2023-07-03,13160,13160,12400,12400,539,-0.05918057663125953
2023-07-04,12400,12400,12300,12300,752,-0.008064516129032251
2023-07-05,12670,12670,12250,12270,230,-0.0024390243902439046
2023-07-06,12270,12270,12270,12270,22,0.0
2023-07-07,12400,12400,11990,12270,3562,0.0
2023-07-10,12400,12400,12380,12380,274,0.00896495517522422
2023-07-11,12250,12300,12000,12300,1193,-0.00646203554119551
2023-07-12,12220,13200,11760,13200,4647,0.07317073170731714
2023-07-13,12500,12500,11600,11600,5116,-0.12121212121212122
2023-07-14,11630,11640,11390,11500,2173,-0.008620689655172376
2023-07-17,11590,11590,11500,11560,112,0.00521739130434784
2023-07-18,11610,11610,11570,11570,30,0.0008650519031141446
2023-07-19,11600,11600,11330,11450,856,-0.01037165082108904
2023-07-20,11210,11210,11110,11110,1929,-0.029694323144104806
2023-07-21,11200,11200,11110,11110,38,0.0
2023-07-24,11020,11020,10850,10960,807,-0.013501350135013523
2023-07-25,10450,10570,10420,10570,1100,-0.03558394160583944
2023-07-26,10010,10050,9400,9770,3094,-0.075685903500473
2023-07-27,10000,11350,10000,10000,4503,0.023541453428863823
2023-07-28,9750,10250,9750,10250,1848,0.02499999999999991
2023-07-31,10260,12380,9950,12380,4001,0.20780487804878045
2023-08-01,10970,10970,10430,10480,19997,-0.15347334410339253
2023-08-02,10470,10480,10260,10480,14978,0.0
2023-08-03,10250,10380,10250,10380,240,-0.009541984732824416
2023-08-04,10380,10470,10380,10460,992,0.007707129094412402
2023-08-07,10460,10560,10460,10560,228,0.009560229445506607
2023-08-08,10300,10980,10270,10980,2459,0.03977272727272729
2023-08-09,10940,10940,10620,10890,1211,-0.008196721311475419
2023-08-10,11000,11000,10410,10480,806,-0.037649219467401296
2023-08-11,10680,10680,10480,10530,324,0.004770992366412319
2023-08-14,10430,11580,10430,11580,859,0.09971509971509973
2023-08-16,10700,10700,10250,10300,431,-0.11053540587219346
2023-08-17,10200,10200,10010,10010,25612,-0.028155339805825297
2023-08-18,10100,10100,10010,10100,4592,0.00899100899100902
2023-08-21,10300,10380,10110,10300,1249,0.01980198019801982
2023-08-22,10210,10300,10130,10300,352,0.0
2023-08-23,10290,10290,10160,10270,10,-0.002912621359223322
2023-08-24,10120,10220,10120,10160,243,-0.01071080817916259
2023-08-25,10040,10220,10040,10150,53,-0.0009842519685039353
2023-08-28,10220,10500,10220,10500,1683,0.034482758620689724
2023-08-29,10400,11100,10400,11060,1300,0.05333333333333323
2023-08-30,11010,11010,10600,10720,9875,-0.030741410488245968
2023-08-31,11170,11170,10590,10950,5674,0.021455223880596952
2023-09-01,10900,10900,10600,10900,4359,-0.004566210045662156
2023-09-04,10650,10700,10560,10660,1947,-0.022018348623853212
2023-09-05,10490,10750,10440,10750,2261,0.008442776735459567
2023-09-06,10520,10520,10360,10400,6211,-0.032558139534883734
2023-09-07,10400,10970,10400,10970,1172,0.054807692307692335
2023-09-08,10800,11900,10520,10740,24548,-0.02096627164995446
2023-09-11,10730,10910,10500,10790,3162,0.004655493482309092
2023-09-12,10780,10780,10520,10520,2054,-0.025023169601482875
2023-09-13,10520,10790,10520,10790,5937,0.025665399239543696
2023-09-14,10970,10970,10620,10870,7588,0.007414272474513428
2023-09-15,10920,10920,10630,10760,874,-0.010119595216191324
2023-09-18,10650,10760,10640,10760,1443,0.0
2023-09-19,10670,10820,10500,10500,977,-0.024163568773234223
2023-09-20,10600,11150,10600,11150,2580,0.06190476190476191
2023-09-21,10840,11090,10580,10640,2603,-0.045739910313901344
2023-09-22,11170,12450,10630,10630,37818,-0.0009398496240601295
2023-09-25,10640,10960,10640,10820,6013,0.017873941674506177
2023-09-26,10890,10890,10620,10790,1409,-0.0027726432532347856
2023-09-27,10680,10680,10620,10630,5659,-0.014828544949026856
2023-10-04,10830,10830,10690,10710,256,0.007525870178739513
2023-10-05,10720,10760,10710,10710,4547,0.0
2023-10-06,10760,11150,10720,11150,359,0.041083099906629394
2023-10-10,10870,10870,10510,10670,2179,-0.043049327354260036
2023-10-11,10590,10650,10520,10560,2541,-0.010309278350515427
2023-10-12,10670,10780,10560,10730,1076,0.016098484848484862
2023-10-13,10530,11130,10470,10470,1709,-0.024231127679403497
2023-10-16,10500,10690,10500,10690,870,0.021012416427889313
2023-10-17,10790,10790,10610,10750,314,0.00561272217025266
2023-10-18,10640,11170,10640,11170,2138,0.039069767441860526
2023-10-19,11080,11080,10030,10030,141,-0.10205908683974929
2023-10-20,10890,10890,10340,10630,933,0.059820538384845356
2023-10-23,10690,10880,10630,10880,1402,0.0235183443085607
2023-10-24,10500,10680,10390,10680,2116,-0.018382352941176516
2023-10-25,10500,10580,10500,10580,1110,-0.009363295880149836
2023-10-26,10410,10510,10400,10500,5005,-0.007561436672967825
2023-10-27,10500,10640,10500,10640,25,0.01333333333333342
2023-10-30,10570,10690,10570,10690,3,0.0046992481203007586
2023-10-31,10690,10690,10610,10610,9,-0.007483629560336769
2023-11-01,10700,10700,10020,10020,518,-0.055607917059377954
2023-11-02,10490,10520,10400,10500,198,0.0479041916167664
2023-11-03,10600,10690,10550,10670,41,0.01619047619047609
2023-11-06,10670,11640,10670,11640,658,0.09090909090909083
2023-11-07,10760,10760,10570,10590,1287,-0.09020618556701032
2023-11-08,10510,10760,10500,10760,855,0.016052880075543063
2023-11-09,10700,10700,10700,10700,1,-0.005576208178438624
2023-11-10,10830,10830,10640,10640,11,-0.005607476635513975
2023-11-13,10550,10550,10540,10540,209,-0.009398496240601517
2023-11-14,10650,10690,10550,10690,35,0.014231499051233332
2023-11-15,10740,10740,10740,10740,90,0.00467726847521055
2023-11-16,10630,10630,10550,10600,76,-0.013035381750465591
2023-11-17,10540,10700,10540,10700,54,0.009433962264151052
2023-11-20,10700,10700,10600,10700,2770,0.0
2023-11-21,10740,10990,10740,10980,2662,0.026168224299065512
2023-11-22,10890,14270,10890,14270,130915,0.29963570127504546
2023-11-23,13000,13190,11440,11440,78670,-0.19831814996496144
2023-11-24,11060,11490,11040,11350,30995,-0.00786713286713292
2023-11-27,11240,11250,11110,11110,16105,-0.02114537444933917
2023-11-28,11240,12280,11240,11250,34827,0.012601260126012592
2023-11-29,11370,11470,11200,11260,9963,0.000888888888888939
2023-11-30,11280,12700,11280,11870,27059,0.05417406749555953
2023-12-01,11760,12810,11760,12030,22510,0.01347935973041281
2023-12-04,13000,13320,12450,12510,22741,0.03990024937655856
2023-12-05,12550,12550,11890,12240,15828,-0.021582733812949617
2023-12-06,12300,12480,12020,12480,5709,0.019607843137254832
2023-12-07,12490,13480,12300,12590,13616,0.008814102564102644
2023-12-08,12360,12360,12080,12200,6071,-0.030976965845909477
2023-12-11,12200,12300,12070,12210,3250,0.0008196721311475308
2023-12-12,12130,12190,11900,11940,6662,-0.02211302211302213
2023-12-13,12000,12000,11910,11920,4524,-0.0016750418760469454
2023-12-14,12200,12200,11640,11800,4824,-0.010067114093959773
2023-12-15,11750,11800,11530,11800,2301,0.0
2023-12-18,12000,12000,11450,11450,1108,-0.029661016949152574
2023-12-19,11500,11710,11500,11610,1145,0.013973799126637543
2023-12-20,12000,12000,11510,11620,1091,0.0008613264427217437
2023-12-21,11510,11580,11500,11500,3613,-0.0103270223752151
2023-12-22,12140,12140,11520,11940,1069,0.03826086956521735
2023-12-26,11720,11720,11510,11580,1970,-0.03015075376884424
2023-12-27,11400,11460,11290,11460,2553,-0.010362694300518172
2023-12-28,11400,12490,11370,12490,8502,0.0898778359511343
2024-01-02,11520,11620,11400,11550,2710,-0.07526020816653323
2024-01-03,11550,11550,11370,11370,1043,-0.01558441558441559
2024-01-04,11370,11410,11110,11110,1817,-0.022867194371152144
2024-01-05,11200,11880,11200,11580,1653,0.04230423042304232
2024-01-08,11580,11580,11380,11380,2081,-0.01727115716753025
2024-01-09,11400,11430,11400,11400,1849,0.0017574692442883233
2024-01-10,11400,11500,11300,11300,1367,-0.00877192982456143
2024-01-11,11410,11540,11110,11400,1481,0.008849557522123908
2024-01-12,11400,11630,11400,11600,531,0.01754385964912286
2024-01-15,11500,11500,11210,11320,2197,-0.024137931034482807
2024-01-16,11440,11440,11400,11400,1688,0.007067137809187329
2024-01-17,11400,11400,11200,11260,1664,-0.012280701754386003
2024-01-18,11100,11110,11030,11110,1345,-0.013321492007104752
2024-01-19,11280,11290,11060,11060,174,-0.004500450045004545
2024-01-22,11100,11590,11100,11590,935,0.04792043399638346
2024-01-23,11360,11420,11350,11350,364,-0.02070750647109576
2024-01-24,11250,11340,11240,11240,648,-0.00969162995594719
2024-01-25,11360,11670,11360,11670,242,0.03825622775800719
2024-01-26,11340,11360,11300,11360,339,-0.02656383890317049
2024-01-29,11300,11480,11300,11480,748,0.010563380281690238
2024-01-30,11300,11300,11300,11300,401,-0.015679442508710784
2024-01-31,11300,11400,11300,11300,911,0.0
2024-02-01,11300,11720,11300,11720,657,0.03716814159292037
2024-02-02,11720,11720,11510,11510,5854,-0.017918088737201354
2024-02-05,11640,11640,11400,11400,892,-0.009556907037358786
2024-02-06,11500,12500,11460,12500,334,0.09649122807017552
2024-02-07,11510,11700,11510,11700,242,-0.06399999999999995
2024-02-08,11580,11740,11560,11740,252,0.0034188034188034067
2024-02-13,11730,11730,11550,11550,160,-0.016183986371379855
2024-02-14,11700,11700,11550,11550,128,0.0
2024-02-15,11440,11550,11430,11500,220,-0.0043290043290042934
2024-02-16,11610,11610,11420,11420,160,-0.006956521739130417
2024-02-19,11440,11590,11440,11590,50,0.014886164623467701
2024-02-20,11690,11690,11520,11670,196,0.00690250215703192
2024-02-21,11650,11650,11500,11550,703,-0.010282776349614386
2024-02-22,11410,11690,11400,11670,107,0.010389610389610393
2024-02-23,11550,11630,11550,11630,269,-0.003427592116538092
2024-02-26,11630,11630,11630,11630,60,0.0
2024-02-27,11420,11500,11420,11500,207,-0.011177987962166847
2024-02-28,11500,11610,11500,11610,95,0.009565217391304337
2024-02-29,11510,11900,11510,11900,320,0.0249784668389319
2024-03-04,11550,11690,11550,11690,91,-0.01764705882352946
2024-03-05,11500,11500,11430,11430,217,-0.022241231822070162
2024-03-06,11430,11450,11430,11450,118,0.0017497812773403787
2024-03-07,11450,11450,11450,11450,14,0.0
2024-03-08,11450,11450,11310,11310,11,-0.012227074235807822
2024-03-11,11430,11430,11430,11430,135,0.010610079575596787
2024-03-12,11460,11500,11340,11340,1414,-0.007874015748031482
2024-03-13,11400,11400,11400,11400,1,0.005291005291005346
2024-03-14,11400,11520,11400,11520,1002,0.010526315789473717
2024-03-15,11410,11520,11410,11520,37,0.0
2024-03-18,11460,11800,11320,11800,3102,0.02430555555555558
2024-03-19,11700,11700,11500,11500,6,-0.025423728813559365
2024-03-20,11450,12500,11400,12500,2067,0.08695652173913038
2024-03-21,11700,11700,11360,11360,2562,-0.09119999999999995
2024-03-22,11360,11640,11300,11640,1401,0.02464788732394374
2024-03-25,11550,11550,11360,11400,1086,-0.020618556701030966
2024-03-26,11400,11590,11390,11590,538,0.016666666666666607
2024-03-27,11500,11530,11420,11530,1541,-0.0051768766177739955
2024-03-28,11480,11480,11480,11480,2,-0.004336513443191636
2024-03-29,11590,11590,11360,11470,36,-0.0008710801393728707
2024-04-01,11510,11510,11240,11410,110,-0.005231037489102031
2024-04-02,11410,11410,11400,11400,11,-0.0008764241893076674
2024-04-03,11400,11490,11320,11320,4315,-0.007017543859649145
2024-04-04,11450,11450,11060,11060,2996,-0.02296819787985871
2024-04-05,11340,11340,11210,11270,70,0.018987341772152
2024-04-08,11220,11450,11220,11450,810,0.015971606033717833
2024-04-09,11480,11550,11240,11550,186,0.008733624454148492
2024-04-11,11550,11550,11450,11550,47,0.0
2024-04-12,11530,11530,11350,11460,47,-0.007792207792207795
2024-04-15,11450,11490,11340,11490,43,0.002617801047120505
2024-04-16,11470,11470,11300,11350,52,-0.012184508268059169
2024-04-17,11210,11290,11200,11260,3085,-0.007929515418502175
2024-04-18,11210,11310,11180,11270,1003,0.000888099467140302
2024-04-19,11200,11200,11180,11180,771,-0.007985803016858917
2024-04-22,11180,11300,9080,9080,278,-0.18783542039355994
2024-04-23,11440,11790,10100,10250,56153,0.12885462555066085
2024-04-24,10700,10980,10280,10420,13624,0.01658536585365855
2024-04-25,10830,11200,10610,10690,5187,0.025911708253358867
2024-04-26,10610,10840,10500,10500,2874,-0.017773620205799867
2024-04-29,10600,10800,10500,10680,2841,0.017142857142857126
2024-04-30,10800,10800,10680,10680,1304,0.0
2024-05-02,10700,10700,10520,10520,806,-0.014981273408239737
2024-05-03,10600,10700,10600,10700,890,0.017110266159695797
2024-05-07,10600,10740,10600,10620,494,-0.00747663551401867
2024-05-08,10730,10810,10700,10730,1875,0.010357815442561202
2024-05-09,10800,10900,10800,10900,131,0.01584342963653307
2024-05-10,10950,11010,10950,11000,489,0.00917431192660545
2024-05-13,10950,10950,10850,10850,376,-0.013636363636363669
2024-05-14,10940,10940,10920,10920,11,0.006451612903225712
2024-05-16,10830,10910,10830,10830,1064,-0.008241758241758212
2024-05-17,10840,10930,10840,10930,506,0.009233610341643494
2024-05-20,11000,11100,11000,11100,209,0.015553522415370447
2024-05-21,11100,11150,11100,11150,120,0.0045045045045044585
2024-05-22,11150,11150,11000,11140,226,-0.0008968609865470656
2024-05-23,11000,11100,11000,11100,4,-0.0035906642728904536
2024-05-24,11150,11190,11010,11170,140,0.006306306306306242
2024-05-27,10910,11000,10560,10560,325,-0.054610564010743046
2024-05-28,10720,10850,10720,10820,377,0.024621212121212155
2024-05-29,10820,10820,10310,10310,193,-0.0471349353049908
2024-05-30,10680,11090,10680,11090,893,0.07565470417070808
2024-05-31,11080,11080,10810,10810,133,-0.02524797114517585
2024-06-03,10890,11380,10810,11380,409,0.052728954671600325
2024-06-04,11250,11250,10930,11100,282,-0.024604569420035194
2024-06-05,11050,11050,11000,11000,1827,-0.009009009009009028
2024-06-07,11100,11400,11100,11200,266,0.018181818181818077
2024-06-10,11020,11140,10710,10710,250,-0.043749999999999956
2024-06-11,10900,11000,10850,10850,73,0.013071895424836555
2024-06-12,10990,11500,10900,11490,455,0.05898617511520743
2024-06-13,11480,11480,11480,11480,3,-0.0008703220191470518
2024-06-14,11600,11600,11500,11500,334,0.0017421602787457413
2024-06-17,11500,11500,11500,11500,6,0.0
2024-06-18,12190,12190,12190,12190,734,0.06000000000000005
2024-06-19,11500,11500,11020,11110,6488,-0.08859721082854799
2024-06-20,11100,11110,11010,11100,672,-0.0009000900090009312
2024-06-21,11100,11100,11090,11090,109,-0.0009009009009008917
2024-06-24,11000,11010,10750,10750,184,-0.030658250676284915
2024-06-25,10860,10900,10850,10900,203,0.013953488372093092
2024-06-26,11100,12400,10900,12400,2354,0.13761467889908263
2024-06-27,11210,11210,10750,10750,2617,-0.13306451612903225
2024-06-28,10710,10820,10710,10800,721,0.0046511627906977715
2024-07-01,10730,10850,10730,10850,59,0.004629629629629539
2024-07-02,10750,10850,10330,10330,760,-0.04792626728110594
2024-07-03,10550,10700,10550,10640,651,0.030009680542110395
2024-07-04,10640,10790,10600,10780,271,0.013157894736842035
2024-07-05,10660,10760,10620,10760,1241,-0.0018552875695733162
2024-07-08,10400,10490,10210,10210,1170,-0.0511152416356877
2024-07-09,10220,10480,10200,10200,391,-0.0009794319294809117
2024-07-10,10200,10280,10150,10280,199,0.007843137254901933
2024-07-11,10170,10470,10170,10390,234,0.010700389105058328
2024-07-12,10490,10490,10210,10210,163,-0.017324350336862415
2024-07-15,10220,10400,10160,10400,569,0.0186092066601371
2024-07-16,10390,10390,10170,10170,197,-0.022115384615384648
2024-07-17,10190,10390,10190,10390,203,0.02163225172074723
2024-07-18,10250,10330,10150,10150,147,-0.023099133782483183
2024-07-19,10160,10390,10160,10360,89,0.020689655172413834
2024-07-22,10360,10360,10210,10330,112,-0.0028957528957529455
2024-07-23,10330,10330,10210,10290,111,-0.0038722168441432947
2024-07-24,10210,10400,10210,10360,98,0.006802721088435382
2024-07-25,10400,10400,10360,10360,7,0.0
2024-07-26,10390,10390,10390,10390,1,0.0028957528957529455
2024-07-29,10390,10390,10390,10390,1,0.0
2024-07-30,10200,10470,10200,10470,61,0.007699711260827691
2024-07-31,10470,10490,10300,10460,98,-0.0009551098376313627
2024-08-01,10310,10440,10220,10440,435,-0.0019120458891013214
2024-08-02,10440,10490,10440,10480,6,0.003831417624521105
2024-08-05,10470,10470,10000,10000,1333,-0.04580152671755722
2024-08-06,10010,10350,10000,10010,1044,0.0009999999999998899
2024-08-07,10090,10090,9610,9610,700,-0.03996003996003994
2024-08-08,9710,9890,9710,9890,139,0.02913631633714875
2024-08-09,9960,9960,9790,9910,63,0.002022244691607611
2024-08-12,9970,9970,9900,9930,263,0.0020181634712410634
2024-08-13,10020,10020,9810,10000,455,0.007049345417925457
2024-08-14,9990,10040,9800,9800,1185,-0.020000000000000018
2024-08-16,9750,9800,9750,9800,3469,0.0
2024-08-19,9800,9800,9800,9800,39,0.0
2024-08-20,9700,9780,9550,9630,2563,-0.01734693877551019
2024-08-21,9630,9630,9530,9630,235,0.0
2024-08-22,9630,9630,9530,9630,217,0.0
2024-08-23,9630,9630,9320,9320,2070,-0.03219106957424711
2024-08-26,9300,9300,9200,9270,757,-0.005364806866952843
2024-08-27,9260,9270,9200,9230,907,-0.004314994606256728
2024-08-28,9230,9370,9230,9370,551,0.015167930660888507
2024-08-29,9350,9350,9000,9000,1008,-0.039487726787620026
2024-08-30,9150,9240,9150,9240,41,0.026666666666666616
2024-09-02,9290,9750,9290,9750,209,0.05519480519480524
2024-09-03,9500,9500,9480,9480,225,-0.027692307692307683
2024-09-04,9400,9400,9220,9230,387,-0.026371308016877593
2024-09-05,9300,9300,9300,9300,9,0.007583965330444142
2024-09-06,9200,9290,9110,9110,1613,-0.02043010752688168
2024-09-09,9010,9200,9000,9200,402,0.009879253567508295
2024-09-10,9060,9120,9060,9120,12,-0.008695652173912993
2024-09-11,9200,9200,9200,9200,3,0.00877192982456143
2024-09-12,9070,9300,9070,9300,7,0.010869565217391353
2024-09-13,9970,9970,9970,9970,117,0.07204301075268815
2024-09-19,9770,9770,9630,9630,160,-0.034102306920762326
2024-09-20,9620,9620,9400,9480,478,-0.015576323987538943
2024-09-23,9930,9930,9620,9900,2263,0.044303797468354444
2024-09-24,9630,9760,9500,9500,667,-0.04040404040404044
2024-09-25,9570,9890,9570,9600,46,0.010526315789473717
2024-09-26,9580,9680,9580,9680,15,0.008333333333333304
2024-09-27,9820,9820,9520,9520,10,-0.016528925619834656
2024-09-30,9870,9870,9500,9800,146,0.02941176470588225
2024-10-02,9650,9650,9500,9590,32,-0.021428571428571463
2024-10-04,9790,9790,9790,9790,17,0.02085505735140769
2024-10-07,9650,9650,9460,9540,579,-0.025536261491317713
2024-10-08,9650,9900,9650,9880,211,0.03563941299790363
2024-10-10,9460,9620,9460,9620,205,-0.02631578947368418
2024-10-11,9640,9640,9570,9570,40,-0.00519750519750517
2024-10-14,9670,9670,9400,9590,91,0.002089864158829613
2024-10-15,9410,9470,9400,9420,393,-0.017726798748696537
2024-10-16,9420,9600,9420,9600,62,0.019108280254777066
2024-10-17,9460,9460,9460,9460,2,-0.014583333333333282
2024-10-18,9460,9460,9460,9460,0,0.0
2024-10-21,9320,9320,9320,9320,90,-0.014799154334038
2024-10-22,9400,9400,9210,9340,565,0.0021459227467810482
2024-10-23,9330,9800,9320,9800,569,0.04925053533190571
2024-10-24,9310,10460,9250,10460,1331,0.06734693877551012
2024-10-25,9400,9400,9180,9240,3067,-0.11663479923518161
2024-10-28,9120,9250,9120,9180,237,-0.00649350649350644
2024-10-29,9260,9260,9160,9160,156,-0.002178649237472796
2024-10-30,9250,9250,9220,9220,14,0.0065502183406114245
2024-10-31,9240,9240,9150,9230,1282,0.0010845986984815426
2024-11-01,9140,9220,9140,9220,171,-0.0010834236186348933
2024-11-04,9150,9330,9150,9330,2,0.01193058568329719
2024-11-05,9380,9380,9000,9150,2863,-0.019292604501607746
2024-11-06,9110,9230,9080,9230,21,0.008743169398907069
2024-11-07,9190,9200,9100,9150,48,-0.008667388949079036
2024-11-08,9150,9150,9000,9140,177,-0.0010928961748634114
2024-11-11,9080,9110,9010,9100,216,-0.004376367614879695
2024-11-12,9000,9000,8820,8830,862,-0.029670329670329676
2024-11-13,8750,9060,8750,9040,43,0.023782559456398733
2024-11-14,9020,9150,9020,9140,74,0.01106194690265494
2024-11-15,9140,9830,8860,9830,8113,0.07549234135667393
2024-11-18,8790,9410,8790,9210,22876,-0.06307222787385558
2024-11-19,8990,9970,8840,8840,27011,-0.04017372421281218
2024-11-20,8820,8820,8570,8690,10093,-0.016968325791855254
2024-11-21,8710,8710,8210,8210,4856,-0.05523590333716921
2024-11-22,8210,9140,8210,8980,31286,0.09378806333739331
2024-11-25,8710,8990,8020,8030,15917,-0.10579064587973275
2024-11-26,8100,8350,8100,8350,7960,0.03985056039850554
2024-11-27,8230,8320,8230,8260,1559,-0.010778443113772407
2024-11-28,8260,8420,8260,8400,727,0.016949152542372836
2024-11-29,8330,8500,8310,8330,1773,-0.008333333333333304
2024-12-02,8330,8370,8070,8100,10573,-0.027611044417767072
2024-12-03,8360,8700,8360,8500,1473,0.04938271604938271
2024-12-04,8180,8670,8180,8670,3027,0.020000000000000018
2024-12-05,8500,8550,8500,8550,6,-0.01384083044982698
2024-12-06,8130,8370,8130,8290,2712,-0.03040935672514622
2024-12-09,8160,8250,8050,8050,2240,-0.02895054282267795
2024-12-10,8060,8370,8060,8340,13341,0.03602484472049694
2024-12-11,8230,8490,8230,8360,3120,0.0023980815347721673
2024-12-12,8360,8500,8300,8300,841,-0.0071770334928229484
2024-12-13,8350,8630,8350,8590,426,0.03493975903614466
2024-12-16,8690,8690,8320,8320,842,-0.03143189755529685
2024-12-17,8320,8480,8320,8400,449,0.009615384615384581
2024-12-18,8400,8630,8400,8630,393,0.027380952380952284
2024-12-19,8570,8630,7790,7790,2826,-0.09733487833140209
2024-12-20,8730,10000,8260,8380,20075,0.07573812580231065
2024-12-23,8510,8640,8450,8580,354,0.023866348448687402
2024-12-24,8580,8750,8500,8750,962,0.019813519813519864
2024-12-26,8640,8800,8410,8800,552,0.005714285714285783
2024-12-27,8620,9800,8620,9800,2270,0.11363636363636354
2024-12-30,8860,8890,8650,8890,6836,-0.09285714285714286
2025-01-02,8710,8710,8670,8680,3160,-0.023622047244094446
2025-01-03,8540,8660,8540,8660,189,-0.0023041474654378336
2025-01-06,8830,8830,8590,8710,48,0.005773672055427337
2025-01-07,8710,8710,8700,8700,48,-0.0011481056257175437
2025-01-08,8700,8880,8700,8820,21,0.01379310344827589
2025-01-09,8700,8780,8700,8770,190,-0.005668934240362855
2025-01-10,8790,8900,8770,8770,5,0.0
2025-01-13,8910,8910,8580,8580,1123,-0.02166476624857472
2025-01-14,8580,9900,8580,9900,1090,0.15384615384615374
2025-01-15,8670,8710,8510,8510,2919,-0.14040404040404042
2025-01-16,8510,8590,8310,8440,543,-0.008225616921269108
2025-01-17,8450,8560,8440,8480,524,0.004739336492890933
2025-01-20,8480,8540,8470,8470,65,-0.001179245283018826
2025-01-21,8470,8540,8430,8530,647,0.007083825265643551
2025-01-22,8560,8560,8210,8250,545,-0.03282532239155922
2025-01-23,8420,8440,8340,8350,310,0.0121212121212122
2025-01-24,8400,8440,8400,8400,243,0.0059880239520957446
2025-01-31,8400,8450,8330,8440,5044,0.004761904761904745
2025-02-03,8320,8440,8320,8430,131,-0.0011848341232227888
2025-02-04,8490,8500,8370,8500,2369,0.008303677342823335
2025-02-05,8500,8530,8500,8530,7979,0.003529411764705781
2025-02-06,8520,8520,8480,8480,5576,-0.0058616647127783805
2025-02-07,8480,8560,8480,8560,17,0.009433962264151052
2025-02-10,8430,8500,8430,8480,80,-0.009345794392523366
2025-02-11,8480,8540,8420,8540,91,0.007075471698113178
2025-02-12,8500,8530,8430,8530,919,-0.0011709601873536313
2025-02-13,8560,8560,8480,8500,44,-0.003516998827667095
2025-02-14,8630,8630,8610,8610,59,0.012941176470588234
2025-02-17,8420,8550,8400,8410,1215,-0.023228803716608626
2025-02-18,8480,8480,8210,8280,1113,-0.015457788347205681
2025-02-19,8200,8390,8200,8390,662,0.013285024154589431
2025-02-20,8390,8390,8300,8380,243,-0.0011918951132300348
2025-02-21,8370,8490,8300,8490,18,0.013126491646778149
2025-02-24,8440,8460,8350,8460,133,-0.0035335689045936647
2025-02-25,8500,8500,8360,8470,222,0.0011820330969267712
2025-02-26,8310,8430,8310,8430,27,-0.0047225501770956635
2025-02-27,8430,8480,8380,8480,49,0.005931198102016699
2025-02-28,8480,8480,8210,8210,576,-0.03183962264150941
2025-03-04,8280,8330,8260,8260,649,0.006090133982947554
2025-03-05,8280,8420,8280,8420,13,0.01937046004842613
2025-03-06,8380,8390,8200,8230,625,-0.0225653206650831
2025-03-07,8280,8310,8260,8300,328,0.008505467800729027
2025-03-10,8300,8300,8300,8300,1,0.0
2025-03-11,8350,8350,8350,8350,1,0.006024096385542244
2025-03-12,8300,8350,8300,8350,187,0.0
2025-03-13,8350,8350,8350,8350,1,0.0
2025-03-14,8250,8390,8250,8390,35,0.004790419161676551
2025-03-17,8400,8400,8280,8360,4,-0.0035756853396901045
2025-03-18,8250,8310,8250,8310,102,-0.005980861244019087
2025-03-19,8250,8450,8220,8450,132,0.016847172081829065
2025-03-20,8450,8470,8200,8220,284,-0.02721893491124261
2025-03-21,8170,8190,7990,8050,1995,-0.020681265206812682
2025-03-24,8110,8170,7910,8170,1045,0.014906832298136719
2025-03-25,8170,8170,7950,7960,969,-0.025703794369645094
2025-03-26,8010,8400,8010,8400,1970,0.055276381909547645
2025-03-27,8540,8540,8440,8440,2,0.004761904761904745
2025-03-28,8410,8410,8400,8400,36,-0.004739336492891044
2025-03-31,8020,8340,8010,8200,137,-0.023809523809523836
2025-04-01,8280,8280,8280,8280,1,0.009756097560975618
2025-04-02,8100,8570,8100,8520,169,0.02898550724637672
2025-04-03,8340,8340,8340,8340,1,-0.021126760563380254
2025-04-04,8300,8300,8300,8300,201,-0.004796163069544335
2025-04-07,8380,8380,7500,7510,2725,-0.09518072289156632
2025-04-08,7730,7730,7570,7650,98,0.018641810918774926
2025-04-09,7650,7790,7650,7790,97,0.018300653594771177
2025-04-10,7780,7780,7500,7570,3328,-0.028241335044929428
2025-04-11,7560,7580,7440,7580,1012,0.0013210039630118242
2025-04-14,7330,7490,7270,7270,5271,-0.04089709762532978
2025-04-15,7270,7370,7270,7320,1958,0.00687757909215958
2025-04-16,7320,7350,7260,7320,1411,0.0
2025-04-17,7320,8980,7320,8780,11875,0.19945355191256842
2025-04-18,8540,9100,7980,8470,18502,-0.03530751708428248
2025-04-21,8240,8240,8040,8190,5136,-0.03305785123966942
2025-04-22,8270,8270,8100,8170,328,-0.0024420024420024333
2025-04-23,8170,8170,8100,8100,29,-0.008567931456548328
2025-04-24,7930,8020,7880,7880,1705,-0.02716049382716046
2025-04-25,7900,8120,7900,8120,4206,0.030456852791878264
2025-04-28,7980,8140,7960,8010,1064,-0.013546798029556606
2025-04-29,9000,10410,9000,10410,89651,0.2996254681647941
2025-04-30,8390,9370,8390,8580,49527,-0.17579250720461093
2025-05-02,9600,10900,9540,10900,57722,0.27039627039627034
2025-05-07,9000,9360,8580,9090,34395,-0.16605504587155961
2025-05-08,8810,9000,8700,8740,6422,-0.03850385038503845
2025-05-09,8650,9100,8640,9000,2154,0.029748283752860427
2025-05-12,8530,8850,8530,8650,4269,-0.03888888888888886
2025-05-13,8660,8810,8630,8690,980,0.0046242774566473965
2025-05-14,8460,8480,8240,8440,4360,-0.028768699654775576
2025-05-15,8440,8510,8400,8460,225,0.0023696682464455776
2025-05-16,8460,8460,8210,8210,2586,-0.029550827423167836
2025-05-19,8140,8150,8100,8100,2704,-0.013398294762484775
2025-05-20,8130,8340,8070,8070,1053,-0.0037037037037036535
2025-05-21,8130,8230,8130,8230,1360,0.019826517967781898
2025-05-22,8370,8370,8010,8010,710,-0.026731470230862753
2025-05-23,8100,8300,8030,8030,285,0.0024968789013732895
2025-05-26,8190,8480,8190,8480,3570,0.05603985056039851
2025-05-27,8460,8460,8250,8450,671,-0.003537735849056589
2025-05-28,8530,8530,7510,8400,2243,-0.00591715976331364
2025-05-29,8370,8370,8240,8260,1146,-0.01666666666666672
2025-05-30,8380,8410,8260,8410,767,0.018159806295399594
2025-06-02,8470,8470,8300,8390,243,-0.0023781212841854638
2025-06-04,8300,8440,8300,8430,294,0.004767580452920139
2025-06-05,8530,8530,8310,8430,1298,0.0
2025-06-09,8440,8490,8400,8410,1544,-0.0023724792408066353
2025-06-10,8540,8740,8540,8690,513,0.03329369797859694
2025-06-11,8690,8690,8490,8600,1462,-0.010356731875719172
2025-06-12,8600,8600,8600,8600,607,0.0
2025-06-13,8680,8680,8500,8600,54,0.0
2025-06-16,8590,8590,8440,8540,291,-0.006976744186046546
2025-06-17,8600,8600,8420,8530,28,-0.0011709601873536313
2025-06-18,8500,8500,8470,8470,301,-0.007033997655334079
2025-06-19,8640,8640,7720,7800,1404,-0.07910271546635184
2025-06-20,8400,9010,8400,8550,10029,0.09615384615384626
2025-06-23,8360,8550,8360,8530,1159,-0.002339181286549752
2025-06-24,8510,8510,8420,8470,9,-0.007033997655334079
2025-06-25,8390,8480,8390,8480,1247,0.0011806375442739991
2025-06-26,8400,8430,8400,8420,70,-0.007075471698113178
2025-06-27,8500,8630,8500,8630,91,0.02494061757719712
2025-06-30,8650,8680,8650,8680,150,0.005793742757821629
2025-07-01,8530,8680,8530,8680,38,0.0
2025-07-02,8530,8820,8350,8820,875,0.016129032258064502
2025-07-03,8820,8820,8800,8800,30,-0.0022675736961451642
2025-07-04,8630,8780,8630,8780,184,-0.002272727272727315
2025-07-07,8780,8780,8500,8760,123,-0.002277904328018221
2025-07-08,8760,8780,8760,8780,20,0.0022831050228311334
2025-07-09,8830,9030,8830,9030,1896,0.028473804100227706
2025-07-10,9220,9220,9030,9180,272,0.01661129568106312
2025-07-11,9180,9200,9000,9140,1128,-0.004357298474945481
2025-07-14,9050,9050,8990,8990,716,-0.01641137855579866
2025-07-15,9260,9260,8900,9100,317,0.012235817575083408
2025-07-16,9010,9170,8910,9170,307,0.007692307692307665
2025-07-17,8980,9170,8410,9170,523,0.0
2025-07-18,9230,9230,9220,9230,300,0.0065430752453652374
2025-07-21,9240,9240,9240,9240,237,0.0010834236186347823
2025-07-22,9240,9240,8760,9080,222,-0.017316017316017285
2025-07-23,9250,9250,8720,8900,200,-0.01982378854625555
2025-07-24,8770,8900,8630,8760,8825,-0.01573033707865168
2025-07-25,8620,8790,8620,8780,2810,0.0022831050228311334
2025-07-28,8810,8810,8670,8760,146,-0.002277904328018221
2025-07-29,8630,8720,8460,8460,574,-0.03424657534246578
2025-07-30,8500,8690,8500,8690,33,0.027186761229314405
2025-07-31,8750,8750,8750,8750,3,0.0069044879171460405
2025-08-01,8570,8690,8400,8450,2720,-0.03428571428571425
2025-08-04,8770,8770,8650,8650,59,0.023668639053254337
2025-08-05,8510,8600,8430,8430,600,-0.02543352601156068
2025-08-06,8530,8530,8260,8330,3450,-0.011862396204033177
2025-08-07,8590,8590,8330,8350,352,0.0024009603841537164
2025-08-08,8560,8560,8370,8410,1305,0.007185628742514938
2025-08-11,8550,8550,8250,8330,871,-0.009512485136741966
2025-08-12,8410,8470,8370,8370,1380,0.004801920768307433
2025-08-13,8500,8500,8400,8400,82,0.0035842293906809264
2025-08-14,8540,8540,8320,8370,278,-0.0035714285714285587
2025-08-18,8400,8740,8400,8720,35,0.041816009557944955
2025-08-19,8740,8740,6200,8160,3430,-0.06422018348623848
2025-08-20,8400,8400,8320,8320,2119,0.019607843137254832
2025-08-21,8550,8550,8250,8250,227,-0.008413461538461564
2025-08-22,8400,8410,8400,8410,405,0.019393939393939297
2025-08-25,8410,8440,8410,8420,117,0.0011890606420927874
2025-08-26,8400,8400,8270,8270,25,-0.017814726840855055
2025-08-27,8300,8400,8210,8360,42,0.010882708585247869
2025-08-28,8270,8390,8270,8390,11,0.0035885167464115852
2025-08-29,8310,8470,8310,8470,225,0.009535160905840279
2025-09-01,8640,8670,8350,8580,89,0.01298701298701288
2025-09-02,8400,8580,8400,8580,202,0.0
2025-09-03,8580,8580,8580,8580,2,0.0
2025-09-04,8580,8580,8400,8480,125,-0.011655011655011704
2025-09-05,8400,8400,8310,8360,289,-0.014150943396226467
2025-09-08,8300,8370,8280,8280,626,-0.009569377990430672
2025-09-09,8280,8350,8280,8350,248,0.008454106280193274
2025-09-10,8260,8890,8260,8890,496,0.06467065868263466
2025-09-11,8890,8890,8430,8670,123,-0.02474690663667045
2025-09-12,8780,8780,8780,8780,129,0.012687427912341454
2025-09-15,8800,9080,8800,9080,523,0.034168564920273425
2025-09-16,8530,8650,8260,8260,3679,-0.0903083700440529
2025-09-17,8200,8300,8020,8110,1457,-0.018159806295399483
2025-09-18,8140,8180,8060,8060,397,-0.006165228113440224
2025-09-19,8100,8160,8000,8060,686,0.0
2025-09-22,8100,8100,8070,8070,157,0.001240694789081953
2025-09-23,8100,8130,8060,8130,102,0.0074349442379182396
2025-09-24,8060,8110,8020,8020,542,-0.013530135301353052
2025-09-25,8020,8020,7530,7530,2174,-0.061097256857855387
2025-09-26,7640,9780,7640,9780,55329,0.298804780876494
2025-09-29,11500,12710,11500,12710,74247,0.2995910020449897
2025-09-30,16520,16520,11830,13280,282239,0.04484657749803311
2025-10-01,10800,15800,9730,10290,196304,-0.22515060240963858
2025-10-02,10290,10450,8710,8880,88311,-0.13702623906705536
2025-10-10,8880,8880,8410,8680,37155,-0.022522522522522515
2025-10-13,8530,8600,8400,8400,14428,-0.032258064516129004
2025-10-14,8670,10920,8610,10920,82864,0.30000000000000004
2025-10-15,10800,13190,9660,9660,171145,-0.11538461538461542
2025-10-16,9330,9850,8930,8930,64213,-0.07556935817805388
2025-10-17,8600,8940,8600,8910,19628,-0.002239641657334812
2025-10-20,8920,9460,8800,8940,15870,0.0033670033670034627
2025-10-21,8850,8900,8800,8900,10156,-0.004474272930648726
2025-10-22,9060,10050,9060,9250,51140,0.0393258426966292
2025-10-23,9000,9200,9000,9080,21376,-0.018378378378378413
2025-10-24,8990,8990,8820,8880,6957,-0.022026431718061623
2025-10-27,8780,8780,8710,8740,7707,-0.015765765765765716
2025-10-28,8700,8820,8560,8800,8468,0.006864988558352492
2025-10-29,8730,8860,8560,8640,3217,-0.018181818181818188
2025-10-30,8610,8750,8550,8750,2223,0.0127314814814814
2025-10-31,8750,9120,8660,8680,5943,-0.008000000000000007
2025-11-03,8610,8640,8580,8580,4360,-0.011520737327188946
2025-11-04,8750,9190,8590,8590,16184,0.0011655011655011815
2025-11-05,8600,8970,8460,8610,9894,0.002328288707799775
2025-11-06,8650,8650,8480,8530,6872,-0.009291521486643473
2025-11-07,8530,8670,8430,8670,3976,0.016412661195779554
2025-11-10,8600,8670,8550,8650,4710,-0.0023068050749711633
2025-11-11,8650,8700,8550,8600,3411,-0.005780346820809301
2025-11-12,8600,8620,8580,8600,956,0.0
2025-11-13,8690,8690,8500,8500,4340,-0.011627906976744207
2025-11-14,8580,8620,8520,8520,1931,0.0023529411764706687
2025-11-17,8520,8620,8520,8520,1337,0.0
2025-11-18,8600,8600,8450,8450,5487,-0.008215962441314506
2025-11-19,8600,8600,8500,8500,2719,0.00591715976331364
2025-11-20,8540,8880,8510,8690,984,0.022352941176470686
2025-11-21,8870,8870,8520,8550,1976,-0.016110471806674354
2025-11-24,8640,8700,8520,8520,517,-0.0035087719298245723
2025-11-25,8530,8570,8470,8470,1010,-0.005868544600938996
2025-11-26,8510,8700,8510,8520,5149,0.005903187721369552
2025-11-27,8640,8800,8630,8760,1336,0.028169014084507005
2025-11-28,8600,8780,8500,8530,1541,-0.026255707762557035
2025-12-01,8630,8630,8550,8550,826,0.0023446658851113966
2025-12-02,8610,8610,8490,8510,902,-0.004678362573099393
2025-12-03,8550,8610,8350,8350,1943,-0.018801410105757976
2025-12-04,8590,8590,8460,8460,433,0.013173652694610682
2025-12-05,8600,10220,8540,8970,52223,0.06028368794326244
2025-12-08,8710,8740,8560,8600,18296,-0.04124860646599782
2025-12-09,8700,8700,8590,8600,7768,0.0
2025-12-10,8640,8800,8600,8620,6126,0.0023255813953488857
2025-12-11,8590,8750,8590,8680,3719,0.006960556844547661
2025-12-12,8680,8730,8590,8730,1467,0.005760368663594528
2025-12-15,8610,8790,8600,8670,3735,-0.0068728522336769515
2025-12-16,8610,9030,8600,8750,3379,0.009227220299884653
2025-12-17,8700,8760,8630,8740,5741,-0.0011428571428571122
2025-12-18,8640,11360,8640,11360,140982,0.29977116704805495
2025-12-19,11470,14550,9490,10000,191156,-0.11971830985915488
2025-12-22,9400,9400,9010,9050,77662,-0.09499999999999997
2025-12-23,9050,9050,8740,8740,24586,-0.034254143646408886
2025-12-24,8780,8800,8660,8800,16175,0.006864988558352492
2025-12-26,8740,8960,8730,8790,7694,-0.001136363636363602
2025-12-29,8660,8920,8660,8920,9548,0.014789533560864543
2025-12-30,8920,9100,8760,8760,13092,-0.017937219730941756
2026-01-02,8780,8840,8780,8820,6209,0.006849315068493178
2026-01-05,8770,8860,8770,8840,4927,0.0022675736961450532
2026-01-06,8840,8890,8800,8800,7805,-0.004524886877828038
2026-01-07,8850,9210,8850,9150,20584,0.03977272727272729
2026-01-08,9020,9020,8870,8900,1600,-0.02732240437158473
2026-01-09,8830,8910,8830,8910,1601,0.0011235955056179137
2026-01-12,9070,9070,8910,8910,2065,0.0
2026-01-13,8910,8990,8910,8910,2624,0.0
2026-01-14,8910,9000,8830,8920,4735,0.001122334455667895
2026-01-15,8920,8920,8870,8890,5036,-0.0033632286995515237
2026-01-16,8920,8920,8830,8830,175,-0.006749156355455588
2026-01-19,8940,8940,8840,8940,1527,0.01245753114382775
2026-01-20,9150,9150,8960,9050,96,0.01230425055928408
2026-01-21,9050,9050,8850,8880,3397,-0.018784530386740328
2026-01-22,8880,8880,8850,8850,2867,-0.0033783783783783994
2026-01-23,8860,9030,8860,9000,693,0.016949152542372836
2026-01-26,9000,9140,8860,8890,7027,-0.012222222222222245
2026-01-27,8900,8970,8900,8950,514,0.006749156355455588
2026-01-28,8900,8940,8880,8920,2294,-0.003351955307262622
2026-01-29,8850,8930,8850,8890,1688,-0.0033632286995515237
2026-01-30,8900,9000,8890,8890,1497,0.0
2026-02-02,8900,9120,8900,9000,803,0.012373453318335281
2026-02-03,9100,9490,9080,9270,9943,0.030000000000000027
2026-02-04,9420,9420,9130,9150,1130,-0.012944983818770184
2026-02-05,9240,9240,8930,9150,714,0.0
2026-02-06,9140,9140,8900,8920,1032,-0.025136612021857907
2026-02-09,8950,9230,8950,9100,1617,0.020179372197309364
2026-02-10,9100,9100,8960,9080,3505,-0.00219780219780219
2026-02-11,9080,9080,8910,8910,505,-0.018722466960352402
2026-02-12,8920,9000,8920,9000,338,0.010101010101010166
2026-02-13,8920,8970,8920,8970,614,-0.0033333333333332993
2026-02-19,8950,9080,8950,9080,854,0.012263099219620877
2026-02-20,8910,9070,8910,9060,1283,-0.0022026431718061845
2026-02-23,9060,9060,8950,8950,616,-0.012141280353200834
2026-02-24,9050,9090,8830,8850,989,-0.011173184357541888
2026-02-25,8900,8990,8850,8850,225,0.0
2026-02-26,8960,8970,8850,8850,237,0.0
2026-02-27,8900,9060,8800,8800,1392,-0.005649717514124242
2026-03-03,8900,8960,8080,8180,3034,-0.07045454545454544
2026-03-04,8400,8440,8300,8420,1930,0.02933985330073341
2026-03-05,8510,8540,8160,8160,2239,-0.030878859857482177
2026-03-06,8220,8990,8220,8990,715,0.10171568627450989
2026-03-09,8950,8950,8360,8850,431,-0.015572858731924377
2026-03-10,8840,8840,8670,8840,177,-0.001129943502824804
2026-03-11,8840,8840,8710,8710,1507,-0.014705882352941124
2026-03-12,8710,8800,8660,8660,267,-0.00574052812858783
2026-03-13,8780,8780,8250,8250,2285,-0.04734411085450352
2026-03-16,8440,8980,8440,8980,282,0.08848484848484839
2026-03-17,8590,8720,8590,8600,565,-0.04231625835189312
2026-03-18,8600,8600,8260,8260,23983,-0.03953488372093028
2026-03-19,8310,8400,8310,8400,8932,0.016949152542372836
2026-03-20,8400,9280,8300,8910,4132,0.06071428571428572
2026-03-23,8600,8600,8540,8540,262,-0.041526374859708226
2026-03-24,8680,9320,8510,9260,6298,0.08430913348946145
2026-03-25,8380,8490,8230,8230,31611,-0.1112311015118791
2026-03-26,8100,8130,7880,8040,10480,-0.023086269744835963
2026-03-27,7840,7840,7730,7780,10568,-0.03233830845771146
2026-03-30,7640,7890,7570,7850,1777,0.008997429305912519
2026-03-31,7770,8000,7670,8000,6873,0.019108280254777066
2026-04-01,7920,7920,7310,7310,15468,-0.08625000000000005
2026-04-02,7140,7210,6660,6660,8657,-0.08891928864569087
2026-04-03,6660,6770,6660,6750,4918,0.013513513513513598
2026-04-06,6750,6750,6600,6740,2313,-0.001481481481481528
2026-04-07,6660,6930,6660,6870,4813,0.01928783382789323
2026-04-08,6700,7090,6700,6970,8217,0.01455604075691408
2026-04-09,6820,6940,6820,6830,1572,-0.020086083213773365
2026-04-10,6960,6960,6830,6830,771,0.0
2026-04-13,6830,6830,6800,6830,366,0.0
2026-04-14,6790,6970,6760,6940,10827,0.016105417276720324
2026-04-15,6940,6940,6720,6800,5943,-0.02017291066282423
2026-04-16,6930,6990,6830,6960,3276,0.0235294117647058
2026-04-17,6960,7060,6880,7060,911,0.014367816091954033
2026-04-20,7090,7280,7090,7280,1609,0.031161473087818692
2026-04-21,7310,7390,7310,7360,841,0.01098901098901095
2026-04-22,7370,7370,7120,7300,1364,-0.008152173913043459
2026-04-23,7380,7400,7120,7160,2498,-0.019178082191780854
2026-04-24,7200,7390,7100,7330,1183,0.023743016759776525
2026-04-27,7220,7320,7200,7320,2473,-0.0013642564802183177
2026-04-28,7330,7460,7250,7460,2535,0.0191256830601092
2026-04-29,7580,7580,7250,7490,1705,0.004021447721179516
2026-04-30,7540,7540,7490,7490,179,0.0
2026-05-04,7350,7500,7330,7490,1622,0.0
2026-05-06,7400,7470,7280,7350,1330,-0.01869158878504673
2026-05-07,7300,7380,7250,7360,2792,0.0013605442176871652
2026-05-08,7430,7460,7420,7420,370,0.008152173913043459
2026-05-11,7500,7500,7300,7330,709,-0.0121293800539084
2026-05-12,7330,7330,7200,7300,3768,-0.004092769440654842
2026-05-13,7290,7780,7290,7770,5421,0.06438356164383552
2026-05-14,8050,8060,7850,7850,1761,0.01029601029601035
2026-05-15,8010,8010,7660,7800,1081,-0.006369426751592355
2026-05-18,7960,7960,7510,7600,1243,-0.02564102564102566
2026-05-19,7590,7630,7460,7630,919,0.003947368421052699
2026-05-20,7500,7630,7500,7620,1001,-0.001310615989515096
2026-05-21,7620,7770,7600,7710,916,0.011811023622047223
2026-05-22,7770,7770,7760,7760,7,0.006485084306095956
2026-05-26,7760,8000,7680,7760,381,0.0
2026-05-27,7650,7740,7580,7620,664,-0.01804123711340211
2026-05-28,7750,7750,7530,7690,422,0.009186351706036655
2026-05-29,7480,7480,7060,7400,1715,-0.03771131339401823
